control,class_id,class_label,n,base_acc,ctrl_acc,acc_drop,flip_rate,delta_base_pred_logit_mean
baseline,0,label_QCD,256,0.69921875,0.69921875,0.0,0.0,0.0
baseline,1,label_Hbb,256,0.6484375,0.6484375,0.0,0.0,0.0
baseline,2,label_Hcc,256,0.58203125,0.58203125,0.0,0.0,0.0
baseline,3,label_Hgg,256,0.69140625,0.69140625,0.0,0.0,0.0
baseline,4,label_H4q,256,0.78125,0.78125,0.0,0.0,0.0
baseline,5,label_Hqql,256,0.95703125,0.95703125,0.0,0.0,0.0
baseline,6,label_Zqq,256,0.609375,0.609375,0.0,0.0,0.0
baseline,7,label_Wqq,256,0.73046875,0.73046875,0.0,0.0,0.0
baseline,8,label_Tbqq,256,0.90625,0.90625,0.0,0.0,0.0
baseline,9,label_Tbl,256,0.96875,0.96875,0.0,0.0,0.0
remove_particle0,0,label_QCD,256,0.69921875,0.671875,0.02734375,0.1640625,-0.8377634286880493
remove_particle0,1,label_Hbb,256,0.6484375,0.56640625,0.08203125,0.19921875,-1.5067298412322998
remove_particle0,2,label_Hcc,256,0.58203125,0.4140625,0.16796875,0.3046875,-1.7257604598999023
remove_particle0,3,label_Hgg,256,0.69140625,0.6953125,-0.00390625,0.16015625,-0.6431570649147034
remove_particle0,4,label_H4q,256,0.78125,0.8046875,-0.0234375,0.15234375,-0.7586678266525269
remove_particle0,5,label_Hqql,256,0.95703125,0.28125,0.67578125,0.71875,-10.713247299194336
remove_particle0,6,label_Zqq,256,0.609375,0.4453125,0.1640625,0.33984375,-1.7065379619598389
remove_particle0,7,label_Wqq,256,0.73046875,0.66796875,0.0625,0.25,-1.8404970169067383
remove_particle0,8,label_Tbqq,256,0.90625,0.8828125,0.0234375,0.078125,-1.273313045501709
remove_particle0,9,label_Tbl,256,0.96875,0.203125,0.765625,0.79296875,-14.63930606842041
keep_only_particle0,0,label_QCD,256,0.69921875,0.45703125,0.2421875,0.59375,-21.53574562072754
keep_only_particle0,1,label_Hbb,256,0.6484375,0.0,0.6484375,0.97265625,-37.81224822998047
keep_only_particle0,2,label_Hcc,256,0.58203125,0.0078125,0.57421875,0.96484375,-35.935977935791016
keep_only_particle0,3,label_Hgg,256,0.69140625,0.0,0.69140625,0.9609375,-33.2751350402832
keep_only_particle0,4,label_H4q,256,0.78125,0.109375,0.671875,0.90234375,-33.04622268676758
keep_only_particle0,5,label_Hqql,256,0.95703125,0.03125,0.92578125,0.95703125,-19.403974533081055
keep_only_particle0,6,label_Zqq,256,0.609375,0.17578125,0.43359375,0.8046875,-24.77276611328125
keep_only_particle0,7,label_Wqq,256,0.73046875,0.359375,0.37109375,0.65234375,-22.041614532470703
keep_only_particle0,8,label_Tbqq,256,0.90625,0.015625,0.890625,0.98046875,-36.900516510009766
keep_only_particle0,9,label_Tbl,256,0.96875,0.87109375,0.09765625,0.15234375,-0.3821558952331543
remove_top1,0,label_QCD,256,0.69921875,0.671875,0.02734375,0.1640625,-0.8377634286880493
remove_top1,1,label_Hbb,256,0.6484375,0.56640625,0.08203125,0.19921875,-1.5067298412322998
remove_top1,2,label_Hcc,256,0.58203125,0.4140625,0.16796875,0.3046875,-1.7257604598999023
remove_top1,3,label_Hgg,256,0.69140625,0.6953125,-0.00390625,0.16015625,-0.6431570649147034
remove_top1,4,label_H4q,256,0.78125,0.8046875,-0.0234375,0.15234375,-0.7586678266525269
remove_top1,5,label_Hqql,256,0.95703125,0.28125,0.67578125,0.71875,-10.713247299194336
remove_top1,6,label_Zqq,256,0.609375,0.4453125,0.1640625,0.33984375,-1.7065379619598389
remove_top1,7,label_Wqq,256,0.73046875,0.66796875,0.0625,0.25,-1.8404970169067383
remove_top1,8,label_Tbqq,256,0.90625,0.8828125,0.0234375,0.078125,-1.273313045501709
remove_top1,9,label_Tbl,256,0.96875,0.203125,0.765625,0.79296875,-14.63930606842041
keep_top1,0,label_QCD,256,0.69921875,0.45703125,0.2421875,0.59375,-21.53574562072754
keep_top1,1,label_Hbb,256,0.6484375,0.0,0.6484375,0.97265625,-37.81224822998047
keep_top1,2,label_Hcc,256,0.58203125,0.0078125,0.57421875,0.96484375,-35.935977935791016
keep_top1,3,label_Hgg,256,0.69140625,0.0,0.69140625,0.9609375,-33.2751350402832
keep_top1,4,label_H4q,256,0.78125,0.109375,0.671875,0.90234375,-33.04622268676758
keep_top1,5,label_Hqql,256,0.95703125,0.03125,0.92578125,0.95703125,-19.403974533081055
keep_top1,6,label_Zqq,256,0.609375,0.17578125,0.43359375,0.8046875,-24.77276611328125
keep_top1,7,label_Wqq,256,0.73046875,0.359375,0.37109375,0.65234375,-22.041614532470703
keep_top1,8,label_Tbqq,256,0.90625,0.015625,0.890625,0.98046875,-36.900516510009766
keep_top1,9,label_Tbl,256,0.96875,0.87109375,0.09765625,0.15234375,-0.3821558952331543
random_remove1,0,label_QCD,256,0.69921875,0.703125,-0.00390625,0.03125,-0.005378127098083496
random_remove1,1,label_Hbb,256,0.6484375,0.625,0.0234375,0.078125,-0.13090525567531586
random_remove1,2,label_Hcc,256,0.58203125,0.57421875,0.0078125,0.1171875,-0.09289145469665527
random_remove1,3,label_Hgg,256,0.69140625,0.68359375,0.0078125,0.046875,-0.03361143171787262
random_remove1,4,label_H4q,256,0.78125,0.796875,-0.015625,0.05859375,-0.03177618980407715
random_remove1,5,label_Hqql,256,0.95703125,0.9140625,0.04296875,0.05078125,-0.5667760372161865
random_remove1,6,label_Zqq,256,0.609375,0.5703125,0.0390625,0.08203125,-0.11486969888210297
random_remove1,7,label_Wqq,256,0.73046875,0.75390625,-0.0234375,0.08203125,-0.14043250679969788
random_remove1,8,label_Tbqq,256,0.90625,0.90625,0.0,0.015625,-0.10831594467163086
random_remove1,9,label_Tbl,256,0.96875,0.921875,0.046875,0.046875,-0.9742286205291748
remove_top2,0,label_QCD,256,0.69921875,0.59375,0.10546875,0.28515625,-2.4311978816986084
remove_top2,1,label_Hbb,256,0.6484375,0.45703125,0.19140625,0.41015625,-3.356110095977783
remove_top2,2,label_Hcc,256,0.58203125,0.25390625,0.328125,0.5390625,-3.7820887565612793
remove_top2,3,label_Hgg,256,0.69140625,0.68359375,0.0078125,0.21484375,-1.435968279838562
remove_top2,4,label_H4q,256,0.78125,0.80078125,-0.01953125,0.1875,-1.5885916948318481
remove_top2,5,label_Hqql,256,0.95703125,0.1484375,0.80859375,0.85546875,-14.706323623657227
remove_top2,6,label_Zqq,256,0.609375,0.2578125,0.3515625,0.625,-4.111015319824219
remove_top2,7,label_Wqq,256,0.73046875,0.45703125,0.2734375,0.47265625,-4.173199653625488
remove_top2,8,label_Tbqq,256,0.90625,0.83984375,0.06640625,0.140625,-2.5627729892730713
remove_top2,9,label_Tbl,256,0.96875,0.07421875,0.89453125,0.93359375,-17.383644104003906
keep_top2,0,label_QCD,256,0.69921875,0.63671875,0.0625,0.48046875,-13.179068565368652
keep_top2,1,label_Hbb,256,0.6484375,0.0078125,0.640625,0.9609375,-24.887300491333008
keep_top2,2,label_Hcc,256,0.58203125,0.0,0.58203125,0.97265625,-22.6617488861084
keep_top2,3,label_Hgg,256,0.69140625,0.0,0.69140625,0.94921875,-22.00316047668457
keep_top2,4,label_H4q,256,0.78125,0.22265625,0.55859375,0.8125,-19.496963500976562
keep_top2,5,label_Hqql,256,0.95703125,0.6640625,0.29296875,0.3515625,-5.366921424865723
keep_top2,6,label_Zqq,256,0.609375,0.0859375,0.5234375,0.80859375,-15.28018856048584
keep_top2,7,label_Wqq,256,0.73046875,0.26953125,0.4609375,0.69921875,-14.859904289245605
keep_top2,8,label_Tbqq,256,0.90625,0.015625,0.890625,0.984375,-28.77861976623535
keep_top2,9,label_Tbl,256,0.96875,0.52734375,0.44140625,0.45703125,-1.4629836082458496
random_remove2,0,label_QCD,256,0.69921875,0.69140625,0.0078125,0.06640625,-0.03835654258728027
random_remove2,1,label_Hbb,256,0.6484375,0.55859375,0.08984375,0.1484375,-0.31882354617118835
random_remove2,2,label_Hcc,256,0.58203125,0.5390625,0.04296875,0.1640625,-0.36745280027389526
random_remove2,3,label_Hgg,256,0.69140625,0.66796875,0.0234375,0.046875,-0.06039780378341675
random_remove2,4,label_H4q,256,0.78125,0.8046875,-0.0234375,0.06640625,-0.021295368671417236
random_remove2,5,label_Hqql,256,0.95703125,0.8828125,0.07421875,0.08203125,-1.2212045192718506
random_remove2,6,label_Zqq,256,0.609375,0.53125,0.078125,0.14453125,-0.2650606632232666
random_remove2,7,label_Wqq,256,0.73046875,0.73046875,0.0,0.109375,-0.2526644766330719
random_remove2,8,label_Tbqq,256,0.90625,0.89453125,0.01171875,0.0234375,-0.17651057243347168
random_remove2,9,label_Tbl,256,0.96875,0.89453125,0.07421875,0.08203125,-1.0989317893981934
remove_top4,0,label_QCD,256,0.69921875,0.56640625,0.1328125,0.36328125,-4.324078559875488
remove_top4,1,label_Hbb,256,0.6484375,0.3359375,0.3125,0.55859375,-6.123702526092529
remove_top4,2,label_Hcc,256,0.58203125,0.0546875,0.52734375,0.76171875,-6.865714073181152
remove_top4,3,label_Hgg,256,0.69140625,0.671875,0.01953125,0.26953125,-2.714676856994629
remove_top4,4,label_H4q,256,0.78125,0.74609375,0.03515625,0.20703125,-3.0580544471740723
remove_top4,5,label_Hqql,256,0.95703125,0.09375,0.86328125,0.91015625,-18.42993927001953
remove_top4,6,label_Zqq,256,0.609375,0.08984375,0.51953125,0.84765625,-7.5544023513793945
remove_top4,7,label_Wqq,256,0.73046875,0.2109375,0.51953125,0.75,-7.735700607299805
remove_top4,8,label_Tbqq,256,0.90625,0.703125,0.203125,0.2734375,-4.905047416687012
remove_top4,9,label_Tbl,256,0.96875,0.01953125,0.94921875,0.98046875,-20.936870574951172
keep_top4,0,label_QCD,256,0.69921875,0.640625,0.05859375,0.45703125,-9.230377197265625
keep_top4,1,label_Hbb,256,0.6484375,0.0078125,0.640625,0.95703125,-18.654340744018555
keep_top4,2,label_Hcc,256,0.58203125,0.0,0.58203125,0.9609375,-16.27338981628418
keep_top4,3,label_Hgg,256,0.69140625,0.0,0.69140625,0.9140625,-17.549163818359375
keep_top4,4,label_H4q,256,0.78125,0.53515625,0.24609375,0.5703125,-14.446083068847656
keep_top4,5,label_Hqql,256,0.95703125,0.89453125,0.0625,0.12890625,-1.6749887466430664
keep_top4,6,label_Zqq,256,0.609375,0.078125,0.53125,0.83203125,-11.57979965209961
keep_top4,7,label_Wqq,256,0.73046875,0.375,0.35546875,0.6171875,-9.53515625
keep_top4,8,label_Tbqq,256,0.90625,0.01171875,0.89453125,0.96875,-21.6895694732666
keep_top4,9,label_Tbl,256,0.96875,0.37890625,0.58984375,0.59765625,-1.7869751453399658
random_remove4,0,label_QCD,256,0.69921875,0.6875,0.01171875,0.12890625,-0.09103727340698242
random_remove4,1,label_Hbb,256,0.6484375,0.5234375,0.125,0.21875,-0.7821090221405029
random_remove4,2,label_Hcc,256,0.58203125,0.48828125,0.09375,0.2578125,-0.7216123938560486
random_remove4,3,label_Hgg,256,0.69140625,0.671875,0.01953125,0.140625,-0.22423923015594482
random_remove4,4,label_H4q,256,0.78125,0.8359375,-0.0546875,0.08984375,-0.07191425561904907
random_remove4,5,label_Hqql,256,0.95703125,0.83203125,0.125,0.171875,-1.9753127098083496
random_remove4,6,label_Zqq,256,0.609375,0.44921875,0.16015625,0.2890625,-0.68392014503479
random_remove4,7,label_Wqq,256,0.73046875,0.73828125,-0.0078125,0.1640625,-0.7550978660583496
random_remove4,8,label_Tbqq,256,0.90625,0.87890625,0.02734375,0.05078125,-0.42952674627304077
random_remove4,9,label_Tbl,256,0.96875,0.765625,0.203125,0.21484375,-3.276353359222412
remove_top8,0,label_QCD,256,0.69921875,0.640625,0.05859375,0.3515625,-5.7799272537231445
remove_top8,1,label_Hbb,256,0.6484375,0.1640625,0.484375,0.70703125,-9.832399368286133
remove_top8,2,label_Hcc,256,0.58203125,0.01171875,0.5703125,0.8203125,-10.900668144226074
remove_top8,3,label_Hgg,256,0.69140625,0.66015625,0.03125,0.33984375,-4.806887149810791
remove_top8,4,label_H4q,256,0.78125,0.69140625,0.08984375,0.28125,-5.66110372543335
remove_top8,5,label_Hqql,256,0.95703125,0.046875,0.91015625,0.94921875,-21.879995346069336
remove_top8,6,label_Zqq,256,0.609375,0.00390625,0.60546875,0.9296875,-11.15761947631836
remove_top8,7,label_Wqq,256,0.73046875,0.0234375,0.70703125,0.92578125,-11.54080581665039
remove_top8,8,label_Tbqq,256,0.90625,0.4453125,0.4609375,0.54296875,-8.555340766906738
remove_top8,9,label_Tbl,256,0.96875,0.00390625,0.96484375,0.99609375,-22.125198364257812
keep_top8,0,label_QCD,256,0.69921875,0.63671875,0.0625,0.44921875,-5.858552932739258
keep_top8,1,label_Hbb,256,0.6484375,0.03515625,0.61328125,0.9140625,-10.767576217651367
keep_top8,2,label_Hcc,256,0.58203125,0.1015625,0.48046875,0.83984375,-7.794617652893066
keep_top8,3,label_Hgg,256,0.69140625,0.0,0.69140625,0.890625,-11.622549057006836
keep_top8,4,label_H4q,256,0.78125,0.69921875,0.08203125,0.42578125,-6.988883972167969
keep_top8,5,label_Hqql,256,0.95703125,0.921875,0.03515625,0.078125,0.45348548889160156
keep_top8,6,label_Zqq,256,0.609375,0.14453125,0.46484375,0.70703125,-4.99091911315918
keep_top8,7,label_Wqq,256,0.73046875,0.640625,0.08984375,0.37890625,-3.5534486770629883
keep_top8,8,label_Tbqq,256,0.90625,0.05859375,0.84765625,0.9296875,-12.651467323303223
keep_top8,9,label_Tbl,256,0.96875,0.53515625,0.43359375,0.44140625,-0.5210578441619873
random_remove8,0,label_QCD,256,0.69921875,0.65625,0.04296875,0.20703125,-0.934664249420166
random_remove8,1,label_Hbb,256,0.6484375,0.38671875,0.26171875,0.42578125,-1.9414207935333252
random_remove8,2,label_Hcc,256,0.58203125,0.39453125,0.1875,0.4296875,-2.031510353088379
random_remove8,3,label_Hgg,256,0.69140625,0.578125,0.11328125,0.203125,-0.5706610083580017
random_remove8,4,label_H4q,256,0.78125,0.8359375,-0.0546875,0.13671875,-0.23598897457122803
random_remove8,5,label_Hqql,256,0.95703125,0.6328125,0.32421875,0.36328125,-6.228585243225098
random_remove8,6,label_Zqq,256,0.609375,0.3359375,0.2734375,0.45703125,-2.0123980045318604
random_remove8,7,label_Wqq,256,0.73046875,0.66015625,0.0703125,0.30078125,-2.0026779174804688
random_remove8,8,label_Tbqq,256,0.90625,0.81640625,0.08984375,0.13671875,-1.5432058572769165
random_remove8,9,label_Tbl,256,0.96875,0.55859375,0.41015625,0.4296875,-7.6204938888549805
remove_top16,0,label_QCD,256,0.69921875,0.8203125,-0.12109375,0.3203125,-8.674988746643066
remove_top16,1,label_Hbb,256,0.6484375,0.02734375,0.62109375,0.8828125,-13.40583610534668
remove_top16,2,label_Hcc,256,0.58203125,0.0,0.58203125,0.8984375,-14.070998191833496
remove_top16,3,label_Hgg,256,0.69140625,0.640625,0.05078125,0.43359375,-8.184793472290039
remove_top16,4,label_H4q,256,0.78125,0.3671875,0.4140625,0.6015625,-9.804424285888672
remove_top16,5,label_Hqql,256,0.95703125,0.00390625,0.953125,0.9921875,-26.06163787841797
remove_top16,6,label_Zqq,256,0.609375,0.0,0.609375,0.9609375,-14.641844749450684
remove_top16,7,label_Wqq,256,0.73046875,0.0,0.73046875,0.9375,-15.194282531738281
remove_top16,8,label_Tbqq,256,0.90625,0.12109375,0.78515625,0.84375,-13.156280517578125
remove_top16,9,label_Tbl,256,0.96875,0.0,0.96875,1.0,-24.528926849365234
keep_top16,0,label_QCD,256,0.69921875,0.5703125,0.12890625,0.3671875,-2.541820526123047
keep_top16,1,label_Hbb,256,0.6484375,0.2109375,0.4375,0.671875,-2.5392239093780518
keep_top16,2,label_Hcc,256,0.58203125,0.46875,0.11328125,0.46484375,-1.6307364702224731
keep_top16,3,label_Hgg,256,0.69140625,0.0,0.69140625,0.86328125,-5.2050371170043945
keep_top16,4,label_H4q,256,0.78125,0.7578125,0.0234375,0.31640625,-1.3168175220489502
keep_top16,5,label_Hqql,256,0.95703125,0.95703125,0.0,0.015625,0.85440993309021
keep_top16,6,label_Zqq,256,0.609375,0.34765625,0.26171875,0.47265625,-0.9221576452255249
keep_top16,7,label_Wqq,256,0.73046875,0.82421875,-0.09375,0.17578125,-0.2946961224079132
keep_top16,8,label_Tbqq,256,0.90625,0.421875,0.484375,0.55859375,-3.6880197525024414
keep_top16,9,label_Tbl,256,0.96875,0.83203125,0.13671875,0.14453125,0.26824259757995605
random_remove16,0,label_QCD,256,0.69921875,0.609375,0.08984375,0.3515625,-4.40511417388916
random_remove16,1,label_Hbb,256,0.6484375,0.16015625,0.48828125,0.734375,-5.823649883270264
random_remove16,2,label_Hcc,256,0.58203125,0.1171875,0.46484375,0.7578125,-6.509911060333252
random_remove16,3,label_Hgg,256,0.69140625,0.37890625,0.3125,0.46484375,-1.78155517578125
random_remove16,4,label_H4q,256,0.78125,0.8828125,-0.1015625,0.1796875,-1.0064785480499268
random_remove16,5,label_Hqql,256,0.95703125,0.33984375,0.6171875,0.6484375,-14.320069313049316
random_remove16,6,label_Zqq,256,0.609375,0.1015625,0.5078125,0.76171875,-7.286564350128174
random_remove16,7,label_Wqq,256,0.73046875,0.37890625,0.3515625,0.63671875,-7.080373287200928
random_remove16,8,label_Tbqq,256,0.90625,0.55859375,0.34765625,0.40625,-4.014492034912109
random_remove16,9,label_Tbl,256,0.96875,0.265625,0.703125,0.72265625,-16.789348602294922
