id,kind,name,label,W_tgt_minus_src,bias_tgt_minus_src,src_label,tgt_label,kind2,top_group,diagnosis,B_write,B_AxGrad,role,group,activation,grad
objective:label_Hqql-label_Tbl,objective,label_Hqql-label_Tbl,J=label_Hqql-label_Tbl,,,,,,,,,,,,,
classifier:mod.fc,classifier,mod.fc,classifier head,,,,,,,,,,,,,
classifier_dim:fc_dim_54,classifier_dim,fc_dim_54,fc_dim_54,1.6964067220687866,0.6702732443809509,label_Tbl,label_Hqql,,,,,,,,,
classifier_dim:fc_dim_76,classifier_dim,fc_dim_76,fc_dim_76,-1.4145793914794922,0.6702732443809509,label_Tbl,label_Hqql,,,,,,,,,
classifier_dim:fc_dim_18,classifier_dim,fc_dim_18,fc_dim_18,1.2686177492141724,0.6702732443809509,label_Tbl,label_Hqql,,,,,,,,,
classifier_dim:fc_dim_103,classifier_dim,fc_dim_103,fc_dim_103,-1.25152587890625,0.6702732443809509,label_Tbl,label_Hqql,,,,,,,,,
classifier_dim:fc_dim_121,classifier_dim,fc_dim_121,fc_dim_121,-0.977470338344574,0.6702732443809509,label_Tbl,label_Hqql,,,,,,,,,
classifier_dim:fc_dim_96,classifier_dim,fc_dim_96,fc_dim_96,0.7730405330657959,0.6702732443809509,label_Tbl,label_Hqql,,,,,,,,,
classifier_dim:fc_dim_58,classifier_dim,fc_dim_58,fc_dim_58,-0.5745218992233276,0.6702732443809509,label_Tbl,label_Hqql,,,,,,,,,
classifier_dim:fc_dim_23,classifier_dim,fc_dim_23,fc_dim_23,-0.5696371793746948,0.6702732443809509,label_Tbl,label_Hqql,,,,,,,,,
classifier_dim:fc_dim_45,classifier_dim,fc_dim_45,fc_dim_45,0.48215559124946594,0.6702732443809509,label_Tbl,label_Hqql,,,,,,,,,
classifier_dim:fc_dim_57,classifier_dim,fc_dim_57,fc_dim_57,-0.47194164991378784,0.6702732443809509,label_Tbl,label_Hqql,,,,,,,,,
classifier_dim:fc_dim_10,classifier_dim,fc_dim_10,fc_dim_10,0.3488597869873047,0.6702732443809509,label_Tbl,label_Hqql,,,,,,,,,
classifier_dim:fc_dim_8,classifier_dim,fc_dim_8,fc_dim_8,-0.23268666863441467,0.6702732443809509,label_Tbl,label_Hqql,,,,,,,,,
classifier_dim:fc_dim_2,classifier_dim,fc_dim_2,fc_dim_2,-0.20393377542495728,0.6702732443809509,label_Tbl,label_Hqql,,,,,,,,,
classifier_dim:fc_dim_91,classifier_dim,fc_dim_91,fc_dim_91,-0.18423211574554443,0.6702732443809509,label_Tbl,label_Hqql,,,,,,,,,
classifier_dim:fc_dim_34,classifier_dim,fc_dim_34,fc_dim_34,0.1707550287246704,0.6702732443809509,label_Tbl,label_Hqql,,,,,,,,,
classifier_dim:fc_dim_79,classifier_dim,fc_dim_79,fc_dim_79,0.10766482353210449,0.6702732443809509,label_Tbl,label_Hqql,,,,,,,,,
classifier_dim:fc_dim_6,classifier_dim,fc_dim_6,fc_dim_6,-0.088742196559906,0.6702732443809509,label_Tbl,label_Hqql,,,,,,,,,
classifier_dim:fc_dim_66,classifier_dim,fc_dim_66,fc_dim_66,-0.08377087116241455,0.6702732443809509,label_Tbl,label_Hqql,,,,,,,,,
classifier_dim:fc_dim_3,classifier_dim,fc_dim_3,fc_dim_3,-0.06577682495117188,0.6702732443809509,label_Tbl,label_Hqql,,,,,,,,,
classifier_dim:fc_dim_80,classifier_dim,fc_dim_80,fc_dim_80,0.050974130630493164,0.6702732443809509,label_Tbl,label_Hqql,,,,,,,,,
classifier_dim:fc_dim_110,classifier_dim,fc_dim_110,fc_dim_110,0.039949655532836914,0.6702732443809509,label_Tbl,label_Hqql,,,,,,,,,
classifier_dim:fc_dim_123,classifier_dim,fc_dim_123,fc_dim_123,-0.012944400310516357,0.6702732443809509,label_Tbl,label_Hqql,,,,,,,,,
classifier_dim:fc_dim_124,classifier_dim,fc_dim_124,fc_dim_124,-0.0038715004920959473,0.6702732443809509,label_Tbl,label_Hqql,,,,,,,,,
classifier_dim:fc_dim_82,classifier_dim,fc_dim_82,fc_dim_82,-0.003074824810028076,0.6702732443809509,label_Tbl,label_Hqql,,,,,,,,,
residual_cls:mod.cls_blocks.0,residual_cls,mod.cls_blocks.0,mod.cls_blocks.0,,,,,cls,D_Tbl_to_Hqql,,,,,,,
residual_particle:mod.blocks.0,residual_particle,mod.blocks.0,mod.blocks.0,,,,,particle,D_Tbl_to_Hqql,,,,,,,
residual_particle:mod.blocks.7,residual_particle,mod.blocks.7,mod.blocks.7,,,,,particle,B_Hqql_to_Tbl,,,,,,,
residual_cls:mod.cls_blocks.1,residual_cls,mod.cls_blocks.1,mod.cls_blocks.1,,,,,cls,B_Hqql_to_Tbl,,,,,,,
residual_particle:mod.blocks.1,residual_particle,mod.blocks.1,mod.blocks.1,,,,,particle,D_Tbl_to_Hqql,,,,,,,
residual_particle:mod.blocks.2,residual_particle,mod.blocks.2,mod.blocks.2,,,,,particle,B_Hqql_to_Tbl,,,,,,,
residual_particle:mod.blocks.6,residual_particle,mod.blocks.6,mod.blocks.6,,,,,particle,D_Tbl_to_Hqql,,,,,,,
residual_particle:mod.blocks.3,residual_particle,mod.blocks.3,mod.blocks.3,,,,,particle,B_Hqql_to_Tbl,,,,,,,
residual_particle:mod.blocks.4,residual_particle,mod.blocks.4,mod.blocks.4,,,,,particle,C_Tbl_correct,,,,,,,
residual_particle:mod.blocks.5,residual_particle,mod.blocks.5,mod.blocks.5,,,,,particle,B_Hqql_to_Tbl,,,,,,,
attention_pair:mod.cls_blocks.0.attn.h4|CLS<-muon,attention_pair,mod.cls_blocks.0.attn.h4|CLS<-muon,mod.cls_blocks.0.attn.h4 CLS<-muon,,,,,,,B_Tbl_push_read_write,0.3178957326204649,0.3178957326204649,,,,
residual_block:mod.cls_blocks.0,residual_block,mod.cls_blocks.0,mod.cls_blocks.0,,,,,,,,,,,,,
attention_pair:mod.cls_blocks.0.attn.h4|muon<-muon,attention_pair,mod.cls_blocks.0.attn.h4|muon<-muon,mod.cls_blocks.0.attn.h4 muon<-muon,,,,,,,B_Tbl_push_read_write,0.3699465182920297,0.3699465182920297,,,,
attention_pair:mod.cls_blocks.0.attn.h4|CLS<-electron,attention_pair,mod.cls_blocks.0.attn.h4|CLS<-electron,mod.cls_blocks.0.attn.h4 CLS<-electron,,,,,,,B_Tbl_push_read_write,0.18080792017281055,0.18080792017281055,,,,
attention_pair:mod.cls_blocks.0.attn.h4|electron<-electron,attention_pair,mod.cls_blocks.0.attn.h4|electron<-electron,mod.cls_blocks.0.attn.h4 electron<-electron,,,,,,,B_Tbl_push_read_write,0.23650027066469193,0.23650027066469193,,,,
attention_pair:mod.cls_blocks.0.attn.h4|muon<-CLS,attention_pair,mod.cls_blocks.0.attn.h4|muon<-CLS,mod.cls_blocks.0.attn.h4 muon<-CLS,,,,,,,B_Tbl_push_read_write,0.30702319741249084,0.30702319741249084,,,,
attention_pair:mod.cls_blocks.0.attn.h4|CLS<-CLS,attention_pair,mod.cls_blocks.0.attn.h4|CLS<-CLS,mod.cls_blocks.0.attn.h4 CLS<-CLS,,,,,,,B_Tbl_push_read_write,0.25731000676751137,0.25731000676751137,,,,
attention_pair:mod.cls_blocks.0.attn.h4|electron<-CLS,attention_pair,mod.cls_blocks.0.attn.h4|electron<-CLS,mod.cls_blocks.0.attn.h4 electron<-CLS,,,,,,,B_Tbl_push_read_write,0.24073894321918488,0.24073894321918488,,,,
attention_pair:mod.cls_blocks.0.attn.h6|muon<-CLS,attention_pair,mod.cls_blocks.0.attn.h6|muon<-CLS,mod.cls_blocks.0.attn.h6 muon<-CLS,,,,,,,B_Tbl_push_read_write,0.21813711524009705,0.21813711524009705,,,,
residual_role:mod.cls_blocks.0|neutral_hadron|A_Hqql_correct,residual_role,mod.cls_blocks.0|neutral_hadron|A_Hqql_correct,mod.cls_blocks.0 neutral_hadron,,,,,,,,,,neutral_hadron,A_Hqql_correct,,
residual_role:mod.cls_blocks.0|muon|A_Hqql_correct,residual_role,mod.cls_blocks.0|muon|A_Hqql_correct,mod.cls_blocks.0 muon,,,,,,,,,,muon,A_Hqql_correct,,
residual_role:mod.cls_blocks.0|photon|A_Hqql_correct,residual_role,mod.cls_blocks.0|photon|A_Hqql_correct,mod.cls_blocks.0 photon,,,,,,,,,,photon,A_Hqql_correct,,
residual_role:mod.cls_blocks.0|electron|C_Tbl_correct,residual_role,mod.cls_blocks.0|electron|C_Tbl_correct,mod.cls_blocks.0 electron,,,,,,,,,,electron,C_Tbl_correct,,
residual_role:mod.cls_blocks.0|CLS|A_Hqql_correct,residual_role,mod.cls_blocks.0|CLS|A_Hqql_correct,mod.cls_blocks.0 CLS,,,,,,,,,,CLS,A_Hqql_correct,,
residual_role:mod.cls_blocks.1|neutral_hadron|A_Hqql_correct,residual_role,mod.cls_blocks.1|neutral_hadron|A_Hqql_correct,mod.cls_blocks.1 neutral_hadron,,,,,,,,,,neutral_hadron,A_Hqql_correct,,
residual_block:mod.cls_blocks.1,residual_block,mod.cls_blocks.1,mod.cls_blocks.1,,,,,,,,,,,,,
residual_role:mod.cls_blocks.1|photon|A_Hqql_correct,residual_role,mod.cls_blocks.1|photon|A_Hqql_correct,mod.cls_blocks.1 photon,,,,,,,,,,photon,A_Hqql_correct,,
residual_role:mod.cls_blocks.0|CLS|C_Tbl_correct,residual_role,mod.cls_blocks.0|CLS|C_Tbl_correct,mod.cls_blocks.0 CLS,,,,,,,,,,CLS,C_Tbl_correct,,
residual_role:mod.cls_blocks.0|electron|A_Hqql_correct,residual_role,mod.cls_blocks.0|electron|A_Hqql_correct,mod.cls_blocks.0 electron,,,,,,,,,,electron,A_Hqql_correct,,
residual_role:mod.cls_blocks.1|muon|A_Hqql_correct,residual_role,mod.cls_blocks.1|muon|A_Hqql_correct,mod.cls_blocks.1 muon,,,,,,,,,,muon,A_Hqql_correct,,
residual_role:mod.cls_blocks.0|charged_hadron|C_Tbl_correct,residual_role,mod.cls_blocks.0|charged_hadron|C_Tbl_correct,mod.cls_blocks.0 charged_hadron,,,,,,,,,,charged_hadron,C_Tbl_correct,,
residual_role:mod.cls_blocks.1|CLS|A_Hqql_correct,residual_role,mod.cls_blocks.1|CLS|A_Hqql_correct,mod.cls_blocks.1 CLS,,,,,,,,,,CLS,A_Hqql_correct,,
residual_role:mod.cls_blocks.0|muon|C_Tbl_correct,residual_role,mod.cls_blocks.0|muon|C_Tbl_correct,mod.cls_blocks.0 muon,,,,,,,,,,muon,C_Tbl_correct,,
residual_role:mod.cls_blocks.0|neutral_hadron|C_Tbl_correct,residual_role,mod.cls_blocks.0|neutral_hadron|C_Tbl_correct,mod.cls_blocks.0 neutral_hadron,,,,,,,,,,neutral_hadron,C_Tbl_correct,,
residual_role:mod.cls_blocks.1|electron|C_Tbl_correct,residual_role,mod.cls_blocks.1|electron|C_Tbl_correct,mod.cls_blocks.1 electron,,,,,,,,,,electron,C_Tbl_correct,,
residual_role:mod.cls_blocks.1|neutral_hadron|C_Tbl_correct,residual_role,mod.cls_blocks.1|neutral_hadron|C_Tbl_correct,mod.cls_blocks.1 neutral_hadron,,,,,,,,,,neutral_hadron,C_Tbl_correct,,
residual_role:mod.cls_blocks.1|electron|A_Hqql_correct,residual_role,mod.cls_blocks.1|electron|A_Hqql_correct,mod.cls_blocks.1 electron,,,,,,,,,,electron,A_Hqql_correct,,
residual_role:mod.cls_blocks.1|CLS|C_Tbl_correct,residual_role,mod.cls_blocks.1|CLS|C_Tbl_correct,mod.cls_blocks.1 CLS,,,,,,,,,,CLS,C_Tbl_correct,,
residual_role:mod.cls_blocks.1|charged_hadron|A_Hqql_correct,residual_role,mod.cls_blocks.1|charged_hadron|A_Hqql_correct,mod.cls_blocks.1 charged_hadron,,,,,,,,,,charged_hadron,A_Hqql_correct,,
residual_role:mod.cls_blocks.1|charged_hadron|C_Tbl_correct,residual_role,mod.cls_blocks.1|charged_hadron|C_Tbl_correct,mod.cls_blocks.1 charged_hadron,,,,,,,,,,charged_hadron,C_Tbl_correct,,
residual_role:mod.cls_blocks.0|charged_hadron|A_Hqql_correct,residual_role,mod.cls_blocks.0|charged_hadron|A_Hqql_correct,mod.cls_blocks.0 charged_hadron,,,,,,,,,,charged_hadron,A_Hqql_correct,,
residual_role:mod.cls_blocks.1|muon|C_Tbl_correct,residual_role,mod.cls_blocks.1|muon|C_Tbl_correct,mod.cls_blocks.1 muon,,,,,,,,,,muon,C_Tbl_correct,,
residual_role:mod.cls_blocks.0|charged_hadron|B_Hqql_to_Tbl,residual_role,mod.cls_blocks.0|charged_hadron|B_Hqql_to_Tbl,mod.cls_blocks.0 charged_hadron,,,,,,,,,,charged_hadron,B_Hqql_to_Tbl,,
residual_role:mod.cls_blocks.0|muon|D_Tbl_to_Hqql,residual_role,mod.cls_blocks.0|muon|D_Tbl_to_Hqql,mod.cls_blocks.0 muon,,,,,,,,,,muon,D_Tbl_to_Hqql,,
residual_role:mod.cls_blocks.0|electron|B_Hqql_to_Tbl,residual_role,mod.cls_blocks.0|electron|B_Hqql_to_Tbl,mod.cls_blocks.0 electron,,,,,,,,,,electron,B_Hqql_to_Tbl,,
residual_role:mod.cls_blocks.0|muon|B_Hqql_to_Tbl,residual_role,mod.cls_blocks.0|muon|B_Hqql_to_Tbl,mod.cls_blocks.0 muon,,,,,,,,,,muon,B_Hqql_to_Tbl,,
residual_role:mod.cls_blocks.0|CLS|B_Hqql_to_Tbl,residual_role,mod.cls_blocks.0|CLS|B_Hqql_to_Tbl,mod.cls_blocks.0 CLS,,,,,,,,,,CLS,B_Hqql_to_Tbl,,
residual_role:mod.cls_blocks.1|muon|D_Tbl_to_Hqql,residual_role,mod.cls_blocks.1|muon|D_Tbl_to_Hqql,mod.cls_blocks.1 muon,,,,,,,,,,muon,D_Tbl_to_Hqql,,
residual_role:mod.cls_blocks.1|photon|C_Tbl_correct,residual_role,mod.cls_blocks.1|photon|C_Tbl_correct,mod.cls_blocks.1 photon,,,,,,,,,,photon,C_Tbl_correct,,
residual_role:mod.cls_blocks.0|photon|D_Tbl_to_Hqql,residual_role,mod.cls_blocks.0|photon|D_Tbl_to_Hqql,mod.cls_blocks.0 photon,,,,,,,,,,photon,D_Tbl_to_Hqql,,
residual_role:mod.cls_blocks.0|CLS|D_Tbl_to_Hqql,residual_role,mod.cls_blocks.0|CLS|D_Tbl_to_Hqql,mod.cls_blocks.0 CLS,,,,,,,,,,CLS,D_Tbl_to_Hqql,,
residual_role:mod.cls_blocks.1|CLS|D_Tbl_to_Hqql,residual_role,mod.cls_blocks.1|CLS|D_Tbl_to_Hqql,mod.cls_blocks.1 CLS,,,,,,,,,,CLS,D_Tbl_to_Hqql,,
residual_role:mod.cls_blocks.1|electron|D_Tbl_to_Hqql,residual_role,mod.cls_blocks.1|electron|D_Tbl_to_Hqql,mod.cls_blocks.1 electron,,,,,,,,,,electron,D_Tbl_to_Hqql,,
residual_role:mod.cls_blocks.1|charged_hadron|B_Hqql_to_Tbl,residual_role,mod.cls_blocks.1|charged_hadron|B_Hqql_to_Tbl,mod.cls_blocks.1 charged_hadron,,,,,,,,,,charged_hadron,B_Hqql_to_Tbl,,
residual_role:mod.blocks.0|electron|C_Tbl_correct,residual_role,mod.blocks.0|electron|C_Tbl_correct,mod.blocks.0 electron,,,,,,,,,,electron,C_Tbl_correct,,
residual_block:mod.blocks.0,residual_block,mod.blocks.0,mod.blocks.0,,,,,,,,,,,,,
residual_role:mod.cls_blocks.0|electron|D_Tbl_to_Hqql,residual_role,mod.cls_blocks.0|electron|D_Tbl_to_Hqql,mod.cls_blocks.0 electron,,,,,,,,,,electron,D_Tbl_to_Hqql,,
residual_role:mod.cls_blocks.1|electron|B_Hqql_to_Tbl,residual_role,mod.cls_blocks.1|electron|B_Hqql_to_Tbl,mod.cls_blocks.1 electron,,,,,,,,,,electron,B_Hqql_to_Tbl,,
residual_role:mod.cls_blocks.1|photon|D_Tbl_to_Hqql,residual_role,mod.cls_blocks.1|photon|D_Tbl_to_Hqql,mod.cls_blocks.1 photon,,,,,,,,,,photon,D_Tbl_to_Hqql,,
residual_role:mod.blocks.0|electron|A_Hqql_correct,residual_role,mod.blocks.0|electron|A_Hqql_correct,mod.blocks.0 electron,,,,,,,,,,electron,A_Hqql_correct,,
residual_role:mod.cls_blocks.1|CLS|B_Hqql_to_Tbl,residual_role,mod.cls_blocks.1|CLS|B_Hqql_to_Tbl,mod.cls_blocks.1 CLS,,,,,,,,,,CLS,B_Hqql_to_Tbl,,
residual_role:mod.cls_blocks.1|neutral_hadron|D_Tbl_to_Hqql,residual_role,mod.cls_blocks.1|neutral_hadron|D_Tbl_to_Hqql,mod.cls_blocks.1 neutral_hadron,,,,,,,,,,neutral_hadron,D_Tbl_to_Hqql,,
residual_role:mod.cls_blocks.1|muon|B_Hqql_to_Tbl,residual_role,mod.cls_blocks.1|muon|B_Hqql_to_Tbl,mod.cls_blocks.1 muon,,,,,,,,,,muon,B_Hqql_to_Tbl,,
residual_role:mod.blocks.1|electron|A_Hqql_correct,residual_role,mod.blocks.1|electron|A_Hqql_correct,mod.blocks.1 electron,,,,,,,,,,electron,A_Hqql_correct,,
residual_block:mod.blocks.1,residual_block,mod.blocks.1,mod.blocks.1,,,,,,,,,,,,,
residual_role:mod.blocks.0|muon|A_Hqql_correct,residual_role,mod.blocks.0|muon|A_Hqql_correct,mod.blocks.0 muon,,,,,,,,,,muon,A_Hqql_correct,,
residual_role:mod.blocks.0|muon|C_Tbl_correct,residual_role,mod.blocks.0|muon|C_Tbl_correct,mod.blocks.0 muon,,,,,,,,,,muon,C_Tbl_correct,,
residual_role:mod.blocks.0|electron|D_Tbl_to_Hqql,residual_role,mod.blocks.0|electron|D_Tbl_to_Hqql,mod.blocks.0 electron,,,,,,,,,,electron,D_Tbl_to_Hqql,,
residual_role:mod.blocks.1|muon|C_Tbl_correct,residual_role,mod.blocks.1|muon|C_Tbl_correct,mod.blocks.1 muon,,,,,,,,,,muon,C_Tbl_correct,,
residual_role:mod.cls_blocks.1|photon|B_Hqql_to_Tbl,residual_role,mod.cls_blocks.1|photon|B_Hqql_to_Tbl,mod.cls_blocks.1 photon,,,,,,,,,,photon,B_Hqql_to_Tbl,,
residual_role:mod.blocks.0|charged_hadron|A_Hqql_correct,residual_role,mod.blocks.0|charged_hadron|A_Hqql_correct,mod.blocks.0 charged_hadron,,,,,,,,,,charged_hadron,A_Hqql_correct,,
residual_role:mod.blocks.1|muon|A_Hqql_correct,residual_role,mod.blocks.1|muon|A_Hqql_correct,mod.blocks.1 muon,,,,,,,,,,muon,A_Hqql_correct,,
residual_role:mod.blocks.1|electron|D_Tbl_to_Hqql,residual_role,mod.blocks.1|electron|D_Tbl_to_Hqql,mod.blocks.1 electron,,,,,,,,,,electron,D_Tbl_to_Hqql,,
residual_role:mod.blocks.7|charged_hadron|A_Hqql_correct,residual_role,mod.blocks.7|charged_hadron|A_Hqql_correct,mod.blocks.7 charged_hadron,,,,,,,,,,charged_hadron,A_Hqql_correct,,
residual_block:mod.blocks.7,residual_block,mod.blocks.7,mod.blocks.7,,,,,,,,,,,,,
residual_role:mod.blocks.0|electron|B_Hqql_to_Tbl,residual_role,mod.blocks.0|electron|B_Hqql_to_Tbl,mod.blocks.0 electron,,,,,,,,,,electron,B_Hqql_to_Tbl,,
residual_role:mod.blocks.3|electron|D_Tbl_to_Hqql,residual_role,mod.blocks.3|electron|D_Tbl_to_Hqql,mod.blocks.3 electron,,,,,,,,,,electron,D_Tbl_to_Hqql,,
residual_block:mod.blocks.3,residual_block,mod.blocks.3,mod.blocks.3,,,,,,,,,,,,,
residual_role:mod.cls_blocks.0|photon|B_Hqql_to_Tbl,residual_role,mod.cls_blocks.0|photon|B_Hqql_to_Tbl,mod.cls_blocks.0 photon,,,,,,,,,,photon,B_Hqql_to_Tbl,,
residual_role:mod.blocks.2|muon|A_Hqql_correct,residual_role,mod.blocks.2|muon|A_Hqql_correct,mod.blocks.2 muon,,,,,,,,,,muon,A_Hqql_correct,,
residual_block:mod.blocks.2,residual_block,mod.blocks.2,mod.blocks.2,,,,,,,,,,,,,
residual_role:mod.blocks.2|electron|A_Hqql_correct,residual_role,mod.blocks.2|electron|A_Hqql_correct,mod.blocks.2 electron,,,,,,,,,,electron,A_Hqql_correct,,
residual_role:mod.blocks.4|electron|A_Hqql_correct,residual_role,mod.blocks.4|electron|A_Hqql_correct,mod.blocks.4 electron,,,,,,,,,,electron,A_Hqql_correct,,
residual_block:mod.blocks.4,residual_block,mod.blocks.4,mod.blocks.4,,,,,,,,,,,,,
residual_role:mod.blocks.7|muon|C_Tbl_correct,residual_role,mod.blocks.7|muon|C_Tbl_correct,mod.blocks.7 muon,,,,,,,,,,muon,C_Tbl_correct,,
residual_role:mod.blocks.6|muon|C_Tbl_correct,residual_role,mod.blocks.6|muon|C_Tbl_correct,mod.blocks.6 muon,,,,,,,,,,muon,C_Tbl_correct,,
residual_block:mod.blocks.6,residual_block,mod.blocks.6,mod.blocks.6,,,,,,,,,,,,,
residual_role:mod.blocks.2|muon|C_Tbl_correct,residual_role,mod.blocks.2|muon|C_Tbl_correct,mod.blocks.2 muon,,,,,,,,,,muon,C_Tbl_correct,,
residual_role:mod.blocks.1|charged_hadron|A_Hqql_correct,residual_role,mod.blocks.1|charged_hadron|A_Hqql_correct,mod.blocks.1 charged_hadron,,,,,,,,,,charged_hadron,A_Hqql_correct,,
residual_role:mod.blocks.1|electron|C_Tbl_correct,residual_role,mod.blocks.1|electron|C_Tbl_correct,mod.blocks.1 electron,,,,,,,,,,electron,C_Tbl_correct,,
residual_role:mod.blocks.6|electron|C_Tbl_correct,residual_role,mod.blocks.6|electron|C_Tbl_correct,mod.blocks.6 electron,,,,,,,,,,electron,C_Tbl_correct,,
residual_role:mod.blocks.7|electron|A_Hqql_correct,residual_role,mod.blocks.7|electron|A_Hqql_correct,mod.blocks.7 electron,,,,,,,,,,electron,A_Hqql_correct,,
residual_role:mod.blocks.7|muon|A_Hqql_correct,residual_role,mod.blocks.7|muon|A_Hqql_correct,mod.blocks.7 muon,,,,,,,,,,muon,A_Hqql_correct,,
residual_role:mod.blocks.4|muon|A_Hqql_correct,residual_role,mod.blocks.4|muon|A_Hqql_correct,mod.blocks.4 muon,,,,,,,,,,muon,A_Hqql_correct,,
residual_role:mod.blocks.3|electron|A_Hqql_correct,residual_role,mod.blocks.3|electron|A_Hqql_correct,mod.blocks.3 electron,,,,,,,,,,electron,A_Hqql_correct,,
residual_role:mod.blocks.6|electron|D_Tbl_to_Hqql,residual_role,mod.blocks.6|electron|D_Tbl_to_Hqql,mod.blocks.6 electron,,,,,,,,,,electron,D_Tbl_to_Hqql,,
classifier_activation_dim:fc_input_dim_5,classifier_activation_dim,fc_input_dim_5,fc input dim 5,,,,,,,,,,,,9.782283037900925,0.25
classifier_activation_dim:fc_input_dim_9,classifier_activation_dim,fc_input_dim_9,fc input dim 9,,,,,,,,,,,,7.6853112280368805,-0.25
classifier_activation_dim:fc_input_dim_76,classifier_activation_dim,fc_input_dim_76,fc input dim 76,,,,,,,,,,,,-0.990606208331883,-0.35364484786987305
classifier_activation_dim:fc_input_dim_103,classifier_activation_dim,fc_input_dim_103,fc input dim 103,,,,,,,,,,,,-0.7086070168297738,-0.3128814697265625
classifier_activation_dim:fc_input_dim_34,classifier_activation_dim,fc_input_dim_34,fc input dim 34,,,,,,,,,,,,-2.2614748179912567,0.0426887571811676
classifier_activation_dim:fc_input_dim_121,classifier_activation_dim,fc_input_dim_121,fc input dim 121,,,,,,,,,,,,0.3559703001609215,-0.2443675845861435
classifier_activation_dim:fc_input_dim_10,classifier_activation_dim,fc_input_dim_10,fc input dim 10,,,,,,,,,,,,-0.7012155304352442,0.08721494674682617
classifier_activation_dim:fc_input_dim_18,classifier_activation_dim,fc_input_dim_18,fc input dim 18,,,,,,,,,,,,0.1121826001576015,0.3171544373035431
classifier_activation_dim:fc_input_dim_2,classifier_activation_dim,fc_input_dim_2,fc input dim 2,,,,,,,,,,,,-0.7329268793265025,-0.05098344385623932
classifier_activation_dim:fc_input_dim_45,classifier_activation_dim,fc_input_dim_45,fc input dim 45,,,,,,,,,,,,0.2886753923126629,0.12053889781236649
