objective,module,tensor,analysis_group,dim,n,mean_contrib,mean_abs_contrib,mean_activation,mean_grad
signed_hqql_tbl,mod.fc.0,output,C_Tbl_correct,8,16,1.9445074386894703,1.9445074386894703,7.778029754757881,0.25
signed_hqql_tbl,mod.fc,output,C_Tbl_correct,8,16,1.9445074386894703,1.9445074386894703,7.778029754757881,0.25
signed_hqql_tbl,mod.fc.0,output,A_Hqql_correct,8,16,1.2031564647331834,1.211309114471078,-4.8126258589327335,-0.25
signed_hqql_tbl,mod.fc,output,A_Hqql_correct,8,16,1.2031564647331834,1.211309114471078,-4.8126258589327335,-0.25
signed_hqql_tbl,mod.fc.0,output,A_Hqql_correct,2,16,1.1333873383700848,1.1333873383700848,4.533549353480339,0.25
signed_hqql_tbl,mod.fc,output,A_Hqql_correct,2,16,1.1333873383700848,1.1333873383700848,4.533549353480339,0.25
B_tbl_minus_hqql,mod.fc.0,output,B_Hqql_to_Tbl,8,16,0.9520642124116421,0.9520642124116421,3.8082568496465683,0.25
B_tbl_minus_hqql,mod.fc,output,B_Hqql_to_Tbl,8,16,0.9520642124116421,0.9520642124116421,3.8082568496465683,0.25
signed_hqql_tbl,mod.fc.0,output,B_Hqql_to_Tbl,8,16,0.95206418633461,0.95206418633461,3.80825674533844,0.25
signed_hqql_tbl,mod.fc,output,B_Hqql_to_Tbl,8,16,0.95206418633461,0.95206418633461,3.80825674533844,0.25
signed_hqql_tbl,mod.fc.0,input,A_Hqql_correct,79,16,0.9070065729320049,0.9070065729320049,3.7198677211999893,0.24382764101028442
signed_hqql_tbl,mod.fc,input,A_Hqql_correct,79,16,0.9070065729320049,0.9070065729320049,3.7198677211999893,0.24382764101028442
signed_hqql_tbl,mod.fc.0,input,A_Hqql_correct,103,16,0.7962163696065545,0.8119090152904391,-2.5646266732364893,-0.3104609251022339
signed_hqql_tbl,mod.fc,input,A_Hqql_correct,103,16,0.7962163696065545,0.8119090152904391,-2.5646266732364893,-0.3104609251022339
signed_hqql_tbl,mod.fc.0,output,D_Tbl_to_Hqql,2,16,0.6983350142836571,0.6983350142836571,2.7933400571346283,0.25
signed_hqql_tbl,mod.fc,output,D_Tbl_to_Hqql,2,16,0.6983350142836571,0.6983350142836571,2.7933400571346283,0.25
signed_hqql_tbl,mod.fc.0,input,C_Tbl_correct,121,16,0.6006638477556407,0.6006638477556407,-2.111816340126097,-0.28442996740341187
signed_hqql_tbl,mod.fc,input,C_Tbl_correct,121,16,0.6006638477556407,0.6006638477556407,-2.111816340126097,-0.28442996740341187
signed_hqql_tbl,mod.fc.0,output,B_Hqql_to_Tbl,2,16,-0.46468261163681746,0.5051801400259137,1.8587304465472698,-0.25
signed_hqql_tbl,mod.fc,output,B_Hqql_to_Tbl,2,16,-0.46468261163681746,0.5051801400259137,1.8587304465472698,-0.25
B_tbl_minus_hqql,mod.fc.0,output,B_Hqql_to_Tbl,2,16,-0.4646826107054949,0.5051801316440105,1.8587304428219795,-0.25
B_tbl_minus_hqql,mod.fc,output,B_Hqql_to_Tbl,2,16,-0.4646826107054949,0.5051801316440105,1.8587304428219795,-0.25
signed_hqql_tbl,mod.fc.0,input,D_Tbl_to_Hqql,79,16,0.40964723471552134,0.40964723471552134,1.6800688989460468,0.24382764101028442
signed_hqql_tbl,mod.fc,input,D_Tbl_to_Hqql,79,16,0.40964723471552134,0.40964723471552134,1.6800688989460468,0.24382764101028442
signed_hqql_tbl,mod.fc.0,input,A_Hqql_correct,34,16,0.3480631485581398,0.3621819205582142,1.3700844161212444,0.2540450394153595
signed_hqql_tbl,mod.fc,input,A_Hqql_correct,34,16,0.3480631485581398,0.3621819205582142,1.3700844161212444,0.2540450394153595
B_tbl_minus_hqql,mod.fc.0,input,B_Hqql_to_Tbl,121,15,0.3228153253595034,0.3228153253595034,-1.13495538632075,-0.28442996740341187
B_tbl_minus_hqql,mod.fc,input,B_Hqql_to_Tbl,121,15,0.3228153253595034,0.3228153253595034,-1.13495538632075,-0.28442996740341187
signed_hqql_tbl,mod.fc.0,input,B_Hqql_to_Tbl,121,15,0.3228153184056282,0.3228153184056282,-1.134955370426178,-0.28442996740341187
signed_hqql_tbl,mod.fc,input,B_Hqql_to_Tbl,121,15,0.3228153184056282,0.3228153184056282,-1.134955370426178,-0.28442996740341187
B_tbl_minus_hqql,mod.fc.0,input,B_Hqql_to_Tbl,8,16,0.31930002104490995,0.31930002104490995,-1.9130569091066718,-0.16690565645694733
B_tbl_minus_hqql,mod.fc,input,B_Hqql_to_Tbl,8,16,0.31930002104490995,0.31930002104490995,-1.9130569091066718,-0.16690565645694733
signed_hqql_tbl,mod.fc.0,input,B_Hqql_to_Tbl,8,16,0.3193000154569745,0.3193000154569745,-1.9130568755790591,-0.16690565645694733
signed_hqql_tbl,mod.fc,input,B_Hqql_to_Tbl,8,16,0.3193000154569745,0.3193000154569745,-1.9130568755790591,-0.16690565645694733
signed_hqql_tbl,mod.fc.0,input,C_Tbl_correct,3,16,0.315664749185089,0.315664749185089,-1.4905303169507533,-0.21178016066551208
signed_hqql_tbl,mod.fc,input,C_Tbl_correct,3,16,0.315664749185089,0.315664749185089,-1.4905303169507533,-0.21178016066551208
signed_hqql_tbl,mod.fc.0,input,D_Tbl_to_Hqql,8,16,-0.3087072919588536,0.3087072919588536,-1.849591538310051,0.16690565645694733
signed_hqql_tbl,mod.fc,input,D_Tbl_to_Hqql,8,16,-0.3087072919588536,0.3087072919588536,-1.849591538310051,0.16690565645694733
B_tbl_minus_hqql,mod.fc.0,input,B_Hqql_to_Tbl,79,16,-0.2811661548912525,0.3867170736193657,1.1531348749995232,-0.24382764101028442
B_tbl_minus_hqql,mod.fc,input,B_Hqql_to_Tbl,79,16,-0.2811661548912525,0.3867170736193657,1.1531348749995232,-0.24382764101028442
signed_hqql_tbl,mod.fc.0,input,B_Hqql_to_Tbl,79,16,-0.2811661548912525,0.3867170698940754,1.1531348936259747,-0.24382764101028442
signed_hqql_tbl,mod.fc,input,B_Hqql_to_Tbl,79,16,-0.2811661548912525,0.3867170698940754,1.1531348936259747,-0.24382764101028442
signed_hqql_tbl,mod.fc.0,output,D_Tbl_to_Hqql,8,16,-0.24665043829008937,0.49621111107990146,0.9866017531603575,-0.25
signed_hqql_tbl,mod.fc,output,D_Tbl_to_Hqql,8,16,-0.24665043829008937,0.49621111107990146,0.9866017531603575,-0.25
signed_hqql_tbl,mod.fc.0,input,C_Tbl_correct,8,16,0.28450113208964467,0.28450113208964467,-1.704562533646822,-0.16690565645694733
signed_hqql_tbl,mod.fc,input,C_Tbl_correct,8,16,0.28450113208964467,0.28450113208964467,-1.704562533646822,-0.16690565645694733
signed_hqql_tbl,mod.fc.0,input,C_Tbl_correct,103,16,0.26992312516085804,0.29881564364768565,0.8694270588457584,0.3104609251022339
signed_hqql_tbl,mod.fc,input,C_Tbl_correct,103,16,0.26992312516085804,0.29881564364768565,0.8694270588457584,0.3104609251022339
signed_hqql_tbl,mod.fc.0,input,D_Tbl_to_Hqql,34,16,0.18096675939159468,0.21497343078954145,0.7123412430519238,0.2540450394153595
signed_hqql_tbl,mod.fc,input,D_Tbl_to_Hqql,34,16,0.18096675939159468,0.21497343078954145,0.7123412430519238,0.2540450394153595
signed_hqql_tbl,mod.fc.0,input,C_Tbl_correct,79,15,0.16880375320712726,0.21151920283834139,-0.6923076882958412,-0.24382764101028442
signed_hqql_tbl,mod.fc,input,C_Tbl_correct,79,15,0.16880375320712726,0.21151920283834139,-0.6923076882958412,-0.24382764101028442
signed_hqql_tbl,mod.fc.0,input,C_Tbl_correct,2,16,0.1705338922329247,0.1705338922329247,0.7460774537175894,0.2285739779472351
signed_hqql_tbl,mod.fc,input,C_Tbl_correct,2,16,0.1705338922329247,0.1705338922329247,0.7460774537175894,0.2285739779472351
signed_hqql_tbl,mod.fc.0,input,D_Tbl_to_Hqql,103,16,0.14500330801820382,0.20073014782974496,-0.46705815591849387,-0.3104609251022339
signed_hqql_tbl,mod.fc,input,D_Tbl_to_Hqql,103,16,0.14500330801820382,0.20073014782974496,-0.46705815591849387,-0.3104609251022339
signed_hqql_tbl,mod.fc.0,input,C_Tbl_correct,34,16,0.12670389958657324,0.179458114085719,-0.4987458186224103,-0.2540450394153595
signed_hqql_tbl,mod.fc,input,C_Tbl_correct,34,16,0.12670389958657324,0.179458114085719,-0.4987458186224103,-0.2540450394153595
B_tbl_minus_hqql,mod.fc.0,input,B_Hqql_to_Tbl,3,16,0.12357765377964824,0.13742751849349588,-0.583518554456532,-0.21178016066551208
B_tbl_minus_hqql,mod.fc,input,B_Hqql_to_Tbl,3,16,0.12357765377964824,0.13742751849349588,-0.583518554456532,-0.21178016066551208
signed_hqql_tbl,mod.fc.0,input,B_Hqql_to_Tbl,3,16,0.12357763724867254,0.13742751127574593,-0.5835184818133712,-0.21178016066551208
signed_hqql_tbl,mod.fc,input,B_Hqql_to_Tbl,3,16,0.12357763724867254,0.13742751127574593,-0.5835184818133712,-0.21178016066551208
signed_hqql_tbl,mod.fc.0,input,C_Tbl_correct,66,16,0.09757573250681162,0.09757573250681162,-0.7769518196582794,-0.12558788061141968
signed_hqql_tbl,mod.fc,input,C_Tbl_correct,66,16,0.09757573250681162,0.09757573250681162,-0.7769518196582794,-0.12558788061141968
signed_hqql_tbl,mod.fc.0,input,A_Hqql_correct,8,16,-0.07467292854562402,0.1493922439403832,-0.44739604461938143,0.16690565645694733
signed_hqql_tbl,mod.fc,input,A_Hqql_correct,8,16,-0.07467292854562402,0.1493922439403832,-0.44739604461938143,0.16690565645694733
signed_hqql_tbl,mod.fc.0,input,A_Hqql_correct,121,16,0.07469284581020474,0.13473014440387487,0.2626054063439369,0.28442996740341187
signed_hqql_tbl,mod.fc,input,A_Hqql_correct,121,16,0.07469284581020474,0.13473014440387487,0.2626054063439369,0.28442996740341187
signed_hqql_tbl,mod.fc.0,input,B_Hqql_to_Tbl,2,15,0.07141910667220751,0.08787916600704193,0.31245510329802834,0.2285739779472351
signed_hqql_tbl,mod.fc,input,B_Hqql_to_Tbl,2,15,0.07141910667220751,0.08787916600704193,0.31245510329802834,0.2285739779472351
B_tbl_minus_hqql,mod.fc.0,input,B_Hqql_to_Tbl,2,15,0.07141910592714945,0.08787916675209999,0.31245510081450145,0.2285739779472351
B_tbl_minus_hqql,mod.fc,input,B_Hqql_to_Tbl,2,15,0.07141910592714945,0.08787916675209999,0.31245510081450145,0.2285739779472351
B_tbl_minus_hqql,mod.fc.0,input,B_Hqql_to_Tbl,66,14,0.06819302828184196,0.06819302828184196,-0.5429905184677669,-0.12558788061141968
B_tbl_minus_hqql,mod.fc,input,B_Hqql_to_Tbl,66,14,0.06819302828184196,0.06819302828184196,-0.5429905184677669,-0.12558788061141968
signed_hqql_tbl,mod.fc.0,input,B_Hqql_to_Tbl,66,14,0.0681930264191968,0.0681930264191968,-0.5429905035666057,-0.12558788061141968
signed_hqql_tbl,mod.fc,input,B_Hqql_to_Tbl,66,14,0.0681930264191968,0.0681930264191968,-0.5429905035666057,-0.12558788061141968
signed_hqql_tbl,mod.fc.0,input,D_Tbl_to_Hqql,3,15,-0.05446593010177215,0.08809196781367064,-0.257181458423535,0.21178016066551208
signed_hqql_tbl,mod.fc,input,D_Tbl_to_Hqql,3,15,-0.05446593010177215,0.08809196781367064,-0.257181458423535,0.21178016066551208
signed_hqql_tbl,mod.fc.0,input,A_Hqql_correct,76,15,0.05786997315784295,0.05786997315784295,1.21617125471433,0.04758373647928238
signed_hqql_tbl,mod.fc,input,A_Hqql_correct,76,15,0.05786997315784295,0.05786997315784295,1.21617125471433,0.04758373647928238
signed_hqql_tbl,mod.fc.0,input,D_Tbl_to_Hqql,76,15,0.054989338666200635,0.054989338666200635,1.1556330521901448,0.04758373647928238
signed_hqql_tbl,mod.fc,input,D_Tbl_to_Hqql,76,15,0.054989338666200635,0.054989338666200635,1.1556330521901448,0.04758373647928238
signed_hqql_tbl,mod.fc.0,input,A_Hqql_correct,2,16,0.05375848920084536,0.058727772906422615,-0.2351907668635249,-0.2285739779472351
signed_hqql_tbl,mod.fc,input,A_Hqql_correct,2,16,0.05375848920084536,0.058727772906422615,-0.2351907668635249,-0.2285739779472351
signed_hqql_tbl,mod.fc.0,input,D_Tbl_to_Hqql,66,14,-0.051904636302164624,0.058882816561630795,-0.41329335421323776,0.12558788061141968
signed_hqql_tbl,mod.fc,input,D_Tbl_to_Hqql,66,14,-0.051904636302164624,0.058882816561630795,-0.41329335421323776,0.12558788061141968
signed_hqql_tbl,mod.fc.0,output,C_Tbl_correct,2,16,0.023946795146912336,0.152902212459594,-0.09578718058764935,-0.25
signed_hqql_tbl,mod.fc,output,C_Tbl_correct,2,16,0.023946795146912336,0.152902212459594,-0.09578718058764935,-0.25
signed_hqql_tbl,mod.fc.0,input,C_Tbl_correct,76,14,-0.04365049468885575,0.04365049468885575,0.9173406341246196,-0.04758373647928238
signed_hqql_tbl,mod.fc,input,C_Tbl_correct,76,14,-0.04365049468885575,0.04365049468885575,0.9173406341246196,-0.04758373647928238
signed_hqql_tbl,mod.fc.0,input,C_Tbl_correct,18,13,0.03860269501232184,0.04167767628454245,0.5370802145737869,0.07187510281801224
signed_hqql_tbl,mod.fc,input,C_Tbl_correct,18,13,0.03860269501232184,0.04167767628454245,0.5370802145737869,0.07187510281801224
signed_hqql_tbl,mod.fc.0,input,D_Tbl_to_Hqql,2,16,-0.036990705819334835,0.047828806506004184,0.16183253191411495,-0.2285739779472351
signed_hqql_tbl,mod.fc,input,D_Tbl_to_Hqql,2,16,-0.036990705819334835,0.047828806506004184,0.16183253191411495,-0.2285739779472351
signed_hqql_tbl,mod.fc.0,input,B_Hqql_to_Tbl,103,16,0.000251387944445014,0.22189433290623128,0.0008097249083220959,0.3104609251022339
signed_hqql_tbl,mod.fc,input,B_Hqql_to_Tbl,103,16,0.000251387944445014,0.22189433290623128,0.0008097249083220959,0.3104609251022339
B_tbl_minus_hqql,mod.fc.0,input,B_Hqql_to_Tbl,103,16,0.00025137607008218765,0.22189432242885232,0.0008096783421933651,0.3104609251022339
B_tbl_minus_hqql,mod.fc,input,B_Hqql_to_Tbl,103,16,0.00025137607008218765,0.22189432242885232,0.0008096783421933651,0.3104609251022339
signed_hqql_tbl,mod.fc.0,input,A_Hqql_correct,3,15,-0.027430893977483113,0.08375239421923955,-0.12952532470226288,0.21178016066551208
signed_hqql_tbl,mod.fc,input,A_Hqql_correct,3,15,-0.027430893977483113,0.08375239421923955,-0.12952532470226288,0.21178016066551208
signed_hqql_tbl,mod.fc.0,input,C_Tbl_correct,123,16,0.03593708900734782,0.03593708900734782,0.31616067700088024,0.11366716772317886
signed_hqql_tbl,mod.fc,input,C_Tbl_correct,123,16,0.03593708900734782,0.03593708900734782,0.31616067700088024,0.11366716772317886
signed_hqql_tbl,mod.fc.0,input,B_Hqql_to_Tbl,76,12,-0.033243599037329354,0.044337354910870395,0.698633657147487,-0.04758373647928238
signed_hqql_tbl,mod.fc,input,B_Hqql_to_Tbl,76,12,-0.033243599037329354,0.044337354910870395,0.698633657147487,-0.04758373647928238
B_tbl_minus_hqql,mod.fc.0,input,B_Hqql_to_Tbl,76,12,-0.03324359725229442,0.04433735359149674,0.6986335987846056,-0.04758373647928238
B_tbl_minus_hqql,mod.fc,input,B_Hqql_to_Tbl,76,12,-0.03324359725229442,0.04433735359149674,0.6986335987846056,-0.04758373647928238
signed_hqql_tbl,mod.fc.0,input,A_Hqql_correct,18,12,0.03031000355258584,0.034944407952328525,-0.4217037881414096,-0.07187510281801224
signed_hqql_tbl,mod.fc,input,A_Hqql_correct,18,12,0.03031000355258584,0.034944407952328525,-0.4217037881414096,-0.07187510281801224
signed_hqql_tbl,mod.fc.0,input,B_Hqql_to_Tbl,34,16,0.004879023879766464,0.1620116215199232,-0.019205348566174507,-0.2540450394153595
signed_hqql_tbl,mod.fc,input,B_Hqql_to_Tbl,34,16,0.004879023879766464,0.1620116215199232,-0.019205348566174507,-0.2540450394153595
B_tbl_minus_hqql,mod.fc.0,input,B_Hqql_to_Tbl,34,16,0.004879016429185867,0.16201161686331034,-0.019205324351787567,-0.2540450394153595
B_tbl_minus_hqql,mod.fc,input,B_Hqql_to_Tbl,34,16,0.004879016429185867,0.16201161686331034,-0.019205324351787567,-0.2540450394153595
signed_hqql_tbl,mod.fc.0,input,A_Hqql_correct,66,12,-0.02624856075271964,0.04727021030460795,-0.20900552347302437,0.12558788061141968
signed_hqql_tbl,mod.fc,input,A_Hqql_correct,66,12,-0.02624856075271964,0.04727021030460795,-0.20900552347302437,0.12558788061141968
B_tbl_minus_hqql,mod.fc.0,input,B_Hqql_to_Tbl,54,10,0.028041866980493067,0.028041866980493067,0.37140356153249743,0.0755024179816246
B_tbl_minus_hqql,mod.fc,input,B_Hqql_to_Tbl,54,10,0.028041866980493067,0.028041866980493067,0.37140356153249743,0.0755024179816246
signed_hqql_tbl,mod.fc.0,input,B_Hqql_to_Tbl,54,10,0.02804186549037695,0.02804186549037695,0.37140354663133623,0.0755024179816246
signed_hqql_tbl,mod.fc,input,B_Hqql_to_Tbl,54,10,0.02804186549037695,0.02804186549037695,0.37140354663133623,0.0755024179816246
signed_hqql_tbl,mod.fc.0,input,C_Tbl_correct,54,7,0.026755374058016708,0.026755374058016708,0.3543644739048822,0.0755024179816246
signed_hqql_tbl,mod.fc,input,C_Tbl_correct,54,7,0.026755374058016708,0.026755374058016708,0.3543644739048822,0.0755024179816246
signed_hqql_tbl,mod.fc.0,input,B_Hqql_to_Tbl,45,3,-0.024589044973254204,0.024589044973254204,0.3793592303991318,-0.06481730937957764
signed_hqql_tbl,mod.fc,input,B_Hqql_to_Tbl,45,3,-0.024589044973254204,0.024589044973254204,0.3793592303991318,-0.06481730937957764
B_tbl_minus_hqql,mod.fc.0,input,B_Hqql_to_Tbl,45,3,-0.024589041868845623,0.024589041868845623,0.3793591807285945,-0.06481730937957764
B_tbl_minus_hqql,mod.fc,input,B_Hqql_to_Tbl,45,3,-0.024589041868845623,0.024589041868845623,0.3793591807285945,-0.06481730937957764
signed_hqql_tbl,mod.fc.0,input,C_Tbl_correct,45,8,0.02375671756453812,0.02375671756453812,-0.36651811003685,-0.06481730937957764
signed_hqql_tbl,mod.fc,input,C_Tbl_correct,45,8,0.02375671756453812,0.02375671756453812,-0.36651811003685,-0.06481730937957764
signed_hqql_tbl,mod.fc.0,input,D_Tbl_to_Hqql,121,16,0.0006561742047779262,0.12430599209619686,0.002306983107700944,0.28442996740341187
signed_hqql_tbl,mod.fc,input,D_Tbl_to_Hqql,121,16,0.0006561742047779262,0.12430599209619686,0.002306983107700944,0.28442996740341187
signed_hqql_tbl,mod.fc.0,input,A_Hqql_correct,123,9,0.01887991512194276,0.02257486582837171,-0.1660982279313935,-0.11366716772317886
signed_hqql_tbl,mod.fc,input,A_Hqql_correct,123,9,0.01887991512194276,0.02257486582837171,-0.1660982279313935,-0.11366716772317886
signed_hqql_tbl,mod.fc.0,input,A_Hqql_correct,124,4,0.018454239703714848,0.018454239703714848,0.16153834015130997,0.1142406165599823
signed_hqql_tbl,mod.fc,input,A_Hqql_correct,124,4,0.018454239703714848,0.018454239703714848,0.16153834015130997,0.1142406165599823
signed_hqql_tbl,mod.fc.0,input,D_Tbl_to_Hqql,18,10,-0.016325755510479212,0.027890458423644304,0.22714062556624412,-0.07187510281801224
signed_hqql_tbl,mod.fc,input,D_Tbl_to_Hqql,18,10,-0.016325755510479212,0.027890458423644304,0.22714062556624412,-0.07187510281801224
signed_hqql_tbl,mod.fc.0,input,B_Hqql_to_Tbl,123,14,0.01653859923992838,0.02574736305645534,0.14550022993768966,0.11366716772317886
signed_hqql_tbl,mod.fc,input,B_Hqql_to_Tbl,123,14,0.01653859923992838,0.02574736305645534,0.14550022993768966,0.11366716772317886
B_tbl_minus_hqql,mod.fc.0,input,B_Hqql_to_Tbl,123,14,0.01653859737728323,0.025747362790363177,0.1455002145043441,0.11366716772317886
B_tbl_minus_hqql,mod.fc,input,B_Hqql_to_Tbl,123,14,0.01653859737728323,0.025747362790363177,0.1455002145043441,0.11366716772317886
B_tbl_minus_hqql,mod.fc.0,input,B_Hqql_to_Tbl,18,12,0.014453368571897348,0.02924311316261689,0.20109006514151892,0.07187510281801224
B_tbl_minus_hqql,mod.fc,input,B_Hqql_to_Tbl,18,12,0.014453368571897348,0.02924311316261689,0.20109006514151892,0.07187510281801224
signed_hqql_tbl,mod.fc.0,input,B_Hqql_to_Tbl,18,12,0.014453367097303271,0.02924311370588839,0.20109004030625025,0.07187510281801224
signed_hqql_tbl,mod.fc,input,B_Hqql_to_Tbl,18,12,0.014453367097303271,0.02924311370588839,0.20109004030625025,0.07187510281801224
signed_hqql_tbl,mod.fc.0,input,A_Hqql_correct,10,4,0.015737602254375815,0.015737602254375815,-1.0444519817829132,-0.015067808330059052
signed_hqql_tbl,mod.fc,input,A_Hqql_correct,10,4,0.015737602254375815,0.015737602254375815,-1.0444519817829132,-0.015067808330059052
B_tbl_minus_hqql,mod.fc.0,input,B_Hqql_to_Tbl,10,4,-0.01564000966027379,0.01564000966027379,-1.037975087761879,0.015067808330059052
B_tbl_minus_hqql,mod.fc,input,B_Hqql_to_Tbl,10,4,-0.01564000966027379,0.01564000966027379,-1.037975087761879,0.015067808330059052
signed_hqql_tbl,mod.fc.0,input,B_Hqql_to_Tbl,10,4,-0.015640008728951216,0.015640008728951216,-1.0379750281572342,0.015067808330059052
signed_hqql_tbl,mod.fc,input,B_Hqql_to_Tbl,10,4,-0.015640008728951216,0.015640008728951216,-1.0379750281572342,0.015067808330059052
signed_hqql_tbl,mod.fc.0,input,A_Hqql_correct,54,10,0.015431939717382192,0.015431939717382192,-0.20439000353217124,-0.0755024179816246
signed_hqql_tbl,mod.fc,input,A_Hqql_correct,54,10,0.015431939717382192,0.015431939717382192,-0.20439000353217124,-0.0755024179816246
signed_hqql_tbl,mod.fc.0,input,D_Tbl_to_Hqql,123,10,-0.013328756717965008,0.020574619947001337,0.11726127453148365,-0.11366716772317886
signed_hqql_tbl,mod.fc,input,D_Tbl_to_Hqql,123,10,-0.013328756717965008,0.020574619947001337,0.11726127453148365,-0.11366716772317886
signed_hqql_tbl,mod.fc.0,input,D_Tbl_to_Hqql,45,9,0.013528971208466424,0.01762151676747534,0.20872466431723702,0.06481730937957764
signed_hqql_tbl,mod.fc,input,D_Tbl_to_Hqql,45,9,0.013528971208466424,0.01762151676747534,0.20872466431723702,0.06481730937957764
signed_hqql_tbl,mod.fc.0,input,C_Tbl_correct,58,2,0.013615238014608622,0.013615238014608622,-0.2178708240389824,-0.0624922513961792
signed_hqql_tbl,mod.fc,input,C_Tbl_correct,58,2,0.013615238014608622,0.013615238014608622,-0.2178708240389824,-0.0624922513961792
signed_hqql_tbl,mod.fc.0,input,A_Hqql_correct,82,8,0.012189904373371974,0.018376504856860265,-0.23278792016208172,-0.05236484855413437
signed_hqql_tbl,mod.fc,input,A_Hqql_correct,82,8,0.012189904373371974,0.018376504856860265,-0.23278792016208172,-0.05236484855413437
signed_hqql_tbl,mod.fc.0,input,C_Tbl_correct,124,2,0.012734557036310434,0.012734557036310434,-0.11147136241197586,-0.1142406165599823
signed_hqql_tbl,mod.fc,input,C_Tbl_correct,124,2,0.012734557036310434,0.012734557036310434,-0.11147136241197586,-0.1142406165599823
signed_hqql_tbl,mod.fc.0,input,D_Tbl_to_Hqql,82,7,-0.012199517472514085,0.012199517472514085,0.23297150007316045,-0.05236484855413437
signed_hqql_tbl,mod.fc,input,D_Tbl_to_Hqql,82,7,-0.012199517472514085,0.012199517472514085,0.23297150007316045,-0.05236484855413437
signed_hqql_tbl,mod.fc.0,input,D_Tbl_to_Hqql,124,7,-0.01089303701051644,0.01089303701051644,-0.09535170027187892,0.1142406165599823
signed_hqql_tbl,mod.fc,input,D_Tbl_to_Hqql,124,7,-0.01089303701051644,0.01089303701051644,-0.09535170027187892,0.1142406165599823
signed_hqql_tbl,mod.fc.0,input,B_Hqql_to_Tbl,58,1,0.010657668113708496,0.010657668113708496,-0.17054383456707,-0.0624922513961792
signed_hqql_tbl,mod.fc,input,B_Hqql_to_Tbl,58,1,0.010657668113708496,0.010657668113708496,-0.17054383456707,-0.0624922513961792
B_tbl_minus_hqql,mod.fc.0,input,B_Hqql_to_Tbl,58,1,0.010657668113708496,0.010657668113708496,-0.17054383456707,-0.0624922513961792
B_tbl_minus_hqql,mod.fc,input,B_Hqql_to_Tbl,58,1,0.010657668113708496,0.010657668113708496,-0.17054383456707,-0.0624922513961792
signed_hqql_tbl,mod.fc.0,input,B_Hqql_to_Tbl,124,3,0.0076741501688957214,0.014524167403578758,-0.06717532376448314,-0.1142406165599823
signed_hqql_tbl,mod.fc,input,B_Hqql_to_Tbl,124,3,0.0076741501688957214,0.014524167403578758,-0.06717532376448314,-0.1142406165599823
B_tbl_minus_hqql,mod.fc.0,input,B_Hqql_to_Tbl,124,3,0.007674146754046281,0.014524168955783049,-0.06717529147863388,-0.1142406165599823
B_tbl_minus_hqql,mod.fc,input,B_Hqql_to_Tbl,124,3,0.007674146754046281,0.014524168955783049,-0.06717529147863388,-0.1142406165599823
signed_hqql_tbl,mod.fc.0,input,D_Tbl_to_Hqql,54,5,-0.007650012988597155,0.010602066200226546,0.10132142901420593,-0.0755024179816246
signed_hqql_tbl,mod.fc,input,D_Tbl_to_Hqql,54,5,-0.007650012988597155,0.010602066200226546,0.10132142901420593,-0.0755024179816246
signed_hqql_tbl,mod.fc.0,input,B_Hqql_to_Tbl,82,9,0.00477279308769438,0.012049604621198442,0.09114497900009155,0.05236484855413437
signed_hqql_tbl,mod.fc,input,B_Hqql_to_Tbl,82,9,0.00477279308769438,0.012049604621198442,0.09114497900009155,0.05236484855413437
B_tbl_minus_hqql,mod.fc.0,input,B_Hqql_to_Tbl,82,9,0.004772792673773236,0.012049604828159014,0.09114497072166866,0.05236484855413437
B_tbl_minus_hqql,mod.fc,input,B_Hqql_to_Tbl,82,9,0.004772792673773236,0.012049604828159014,0.09114497072166866,0.05236484855413437
signed_hqql_tbl,mod.fc.0,input,D_Tbl_to_Hqql,58,1,-0.0058807083405554295,0.0058807083405554295,-0.09410300105810165,0.0624922513961792
signed_hqql_tbl,mod.fc,input,D_Tbl_to_Hqql,58,1,-0.0058807083405554295,0.0058807083405554295,-0.09410300105810165,0.0624922513961792
signed_hqql_tbl,mod.fc.0,input,C_Tbl_correct,82,3,0.004126093660791715,0.014376476407051086,0.07879510521888733,0.05236484855413437
signed_hqql_tbl,mod.fc,input,C_Tbl_correct,82,3,0.004126093660791715,0.014376476407051086,0.07879510521888733,0.05236484855413437
signed_hqql_tbl,mod.fc.0,input,A_Hqql_correct,45,6,0.0036361288900176683,0.016148588620126247,0.056098113457361855,0.06481730937957764
signed_hqql_tbl,mod.fc,input,A_Hqql_correct,45,6,0.0036361288900176683,0.016148588620126247,0.056098113457361855,0.06481730937957764
signed_hqql_tbl,mod.fc.0,input,A_Hqql_correct,57,1,-0.004418378695845604,0.004418378695845604,-0.9212535619735718,0.004796050488948822
signed_hqql_tbl,mod.fc,input,A_Hqql_correct,57,1,-0.004418378695845604,0.004418378695845604,-0.9212535619735718,0.004796050488948822
signed_hqql_tbl,mod.fc.0,input,D_Tbl_to_Hqql,10,3,0.0004109344445168972,0.009395314225306114,-0.027272343635559082,-0.015067808330059052
signed_hqql_tbl,mod.fc,input,D_Tbl_to_Hqql,10,3,0.0004109344445168972,0.009395314225306114,-0.027272343635559082,-0.015067808330059052
signed_hqql_tbl,mod.fc.0,output,A_Hqql_correct,5,16,0.0,0.0,-6.663529872894287,0.0
signed_hqql_tbl,mod.fc.0,output,A_Hqql_correct,9,16,0.0,0.0,-8.198037177324295,0.0
signed_hqql_tbl,mod.fc.0,output,A_Hqql_correct,7,16,0.0,0.0,-3.2426629215478897,0.0
signed_hqql_tbl,mod.fc.0,output,A_Hqql_correct,6,16,0.0,0.0,-0.7395173627883196,0.0
signed_hqql_tbl,mod.fc.0,output,A_Hqql_correct,3,16,0.0,0.0,-0.9431887771934271,0.0
signed_hqql_tbl,mod.fc.0,output,A_Hqql_correct,1,16,0.0,0.0,0.018030353356152773,0.0
signed_hqql_tbl,mod.fc.0,output,A_Hqql_correct,0,16,0.0,0.0,-1.5837624557316303,0.0
signed_hqql_tbl,mod.fc.0,output,A_Hqql_correct,4,16,0.0,0.0,-4.307734116911888,0.0
signed_hqql_tbl,mod.fc,output,A_Hqql_correct,5,16,0.0,0.0,-6.663529872894287,0.0
signed_hqql_tbl,mod.fc,output,A_Hqql_correct,9,16,0.0,0.0,-8.198037177324295,0.0
signed_hqql_tbl,mod.fc,output,A_Hqql_correct,7,16,0.0,0.0,-3.2426629215478897,0.0
signed_hqql_tbl,mod.fc,output,A_Hqql_correct,6,16,0.0,0.0,-0.7395173627883196,0.0
signed_hqql_tbl,mod.fc,output,A_Hqql_correct,3,16,0.0,0.0,-0.9431887771934271,0.0
signed_hqql_tbl,mod.fc,output,A_Hqql_correct,1,16,0.0,0.0,0.018030353356152773,0.0
signed_hqql_tbl,mod.fc,output,A_Hqql_correct,0,16,0.0,0.0,-1.5837624557316303,0.0
signed_hqql_tbl,mod.fc,output,A_Hqql_correct,4,16,0.0,0.0,-4.307734116911888,0.0
signed_hqql_tbl,mod.fc.0,output,B_Hqql_to_Tbl,5,16,0.0,0.0,-3.6270297691226006,0.0
signed_hqql_tbl,mod.fc.0,output,B_Hqql_to_Tbl,9,16,0.0,0.0,-5.6972576379776,0.0
signed_hqql_tbl,mod.fc.0,output,B_Hqql_to_Tbl,7,16,0.0,0.0,-1.4724743175320327,0.0
signed_hqql_tbl,mod.fc.0,output,B_Hqql_to_Tbl,6,16,0.0,0.0,-0.43376085441559553,0.0
signed_hqql_tbl,mod.fc.0,output,B_Hqql_to_Tbl,3,16,0.0,0.0,-0.41003147419542074,0.0
signed_hqql_tbl,mod.fc.0,output,B_Hqql_to_Tbl,1,16,0.0,0.0,0.3654942288994789,0.0
signed_hqql_tbl,mod.fc.0,output,B_Hqql_to_Tbl,0,16,0.0,0.0,-0.15209908597171307,0.0
signed_hqql_tbl,mod.fc.0,output,B_Hqql_to_Tbl,4,16,0.0,0.0,-0.29391345754265785,0.0
signed_hqql_tbl,mod.fc,output,B_Hqql_to_Tbl,5,16,0.0,0.0,-3.6270297691226006,0.0
signed_hqql_tbl,mod.fc,output,B_Hqql_to_Tbl,9,16,0.0,0.0,-5.6972576379776,0.0
signed_hqql_tbl,mod.fc,output,B_Hqql_to_Tbl,7,16,0.0,0.0,-1.4724743175320327,0.0
signed_hqql_tbl,mod.fc,output,B_Hqql_to_Tbl,6,16,0.0,0.0,-0.43376085441559553,0.0
signed_hqql_tbl,mod.fc,output,B_Hqql_to_Tbl,3,16,0.0,0.0,-0.41003147419542074,0.0
signed_hqql_tbl,mod.fc,output,B_Hqql_to_Tbl,1,16,0.0,0.0,0.3654942288994789,0.0
signed_hqql_tbl,mod.fc,output,B_Hqql_to_Tbl,0,16,0.0,0.0,-0.15209908597171307,0.0
signed_hqql_tbl,mod.fc,output,B_Hqql_to_Tbl,4,16,0.0,0.0,-0.29391345754265785,0.0
signed_hqql_tbl,mod.fc.0,output,C_Tbl_correct,5,16,0.0,0.0,-3.2096524201333523,0.0
signed_hqql_tbl,mod.fc.0,output,C_Tbl_correct,9,16,0.0,0.0,-4.423699647188187,0.0
signed_hqql_tbl,mod.fc.0,output,C_Tbl_correct,7,16,0.0,0.0,1.3319113813340664,0.0
signed_hqql_tbl,mod.fc.0,output,C_Tbl_correct,6,16,0.0,0.0,1.1630562217906117,0.0
signed_hqql_tbl,mod.fc.0,output,C_Tbl_correct,3,16,0.0,0.0,-1.3236302891746163,0.0
signed_hqql_tbl,mod.fc.0,output,C_Tbl_correct,1,16,0.0,0.0,0.4576179776340723,0.0
signed_hqql_tbl,mod.fc.0,output,C_Tbl_correct,0,16,0.0,0.0,1.00013018399477,0.0
signed_hqql_tbl,mod.fc.0,output,C_Tbl_correct,4,16,0.0,0.0,-1.102589528542012,0.0
signed_hqql_tbl,mod.fc,output,C_Tbl_correct,5,16,0.0,0.0,-3.2096524201333523,0.0
signed_hqql_tbl,mod.fc,output,C_Tbl_correct,9,16,0.0,0.0,-4.423699647188187,0.0
signed_hqql_tbl,mod.fc,output,C_Tbl_correct,7,16,0.0,0.0,1.3319113813340664,0.0
signed_hqql_tbl,mod.fc,output,C_Tbl_correct,6,16,0.0,0.0,1.1630562217906117,0.0
signed_hqql_tbl,mod.fc,output,C_Tbl_correct,3,16,0.0,0.0,-1.3236302891746163,0.0
signed_hqql_tbl,mod.fc,output,C_Tbl_correct,1,16,0.0,0.0,0.4576179776340723,0.0
signed_hqql_tbl,mod.fc,output,C_Tbl_correct,0,16,0.0,0.0,1.00013018399477,0.0
signed_hqql_tbl,mod.fc,output,C_Tbl_correct,4,16,0.0,0.0,-1.102589528542012,0.0
signed_hqql_tbl,mod.fc.0,output,D_Tbl_to_Hqql,5,16,0.0,0.0,-6.17532405257225,0.0
signed_hqql_tbl,mod.fc.0,output,D_Tbl_to_Hqql,9,16,0.0,0.0,-6.9137000143527985,0.0
signed_hqql_tbl,mod.fc.0,output,D_Tbl_to_Hqql,7,16,0.0,0.0,-1.694737121462822,0.0
signed_hqql_tbl,mod.fc.0,output,D_Tbl_to_Hqql,6,16,0.0,0.0,-0.9310941696166992,0.0
signed_hqql_tbl,mod.fc.0,output,D_Tbl_to_Hqql,3,16,0.0,0.0,0.027623792178928852,0.0
signed_hqql_tbl,mod.fc.0,output,D_Tbl_to_Hqql,1,16,0.0,0.0,-0.20611583953723311,0.0
signed_hqql_tbl,mod.fc.0,output,D_Tbl_to_Hqql,0,16,0.0,0.0,0.1962767243385315,0.0
signed_hqql_tbl,mod.fc.0,output,D_Tbl_to_Hqql,4,16,0.0,0.0,0.20894415769726038,0.0
signed_hqql_tbl,mod.fc,output,D_Tbl_to_Hqql,5,16,0.0,0.0,-6.17532405257225,0.0
signed_hqql_tbl,mod.fc,output,D_Tbl_to_Hqql,9,16,0.0,0.0,-6.9137000143527985,0.0
signed_hqql_tbl,mod.fc,output,D_Tbl_to_Hqql,7,16,0.0,0.0,-1.694737121462822,0.0
signed_hqql_tbl,mod.fc,output,D_Tbl_to_Hqql,6,16,0.0,0.0,-0.9310941696166992,0.0
signed_hqql_tbl,mod.fc,output,D_Tbl_to_Hqql,3,16,0.0,0.0,0.027623792178928852,0.0
signed_hqql_tbl,mod.fc,output,D_Tbl_to_Hqql,1,16,0.0,0.0,-0.20611583953723311,0.0
signed_hqql_tbl,mod.fc,output,D_Tbl_to_Hqql,0,16,0.0,0.0,0.1962767243385315,0.0
signed_hqql_tbl,mod.fc,output,D_Tbl_to_Hqql,4,16,0.0,0.0,0.20894415769726038,0.0
B_tbl_minus_hqql,mod.fc.0,output,B_Hqql_to_Tbl,5,16,0.0,0.0,-3.6270297542214394,0.0
B_tbl_minus_hqql,mod.fc.0,output,B_Hqql_to_Tbl,9,16,0.0,0.0,-5.697257682681084,0.0
B_tbl_minus_hqql,mod.fc.0,output,B_Hqql_to_Tbl,7,16,0.0,0.0,-1.4724742653779685,0.0
B_tbl_minus_hqql,mod.fc.0,output,B_Hqql_to_Tbl,6,16,0.0,0.0,-0.4337608302012086,0.0
B_tbl_minus_hqql,mod.fc.0,output,B_Hqql_to_Tbl,3,16,0.0,0.0,-0.41003148537129164,0.0
B_tbl_minus_hqql,mod.fc.0,output,B_Hqql_to_Tbl,1,16,0.0,0.0,0.36549410596489906,0.0
B_tbl_minus_hqql,mod.fc.0,output,B_Hqql_to_Tbl,0,16,0.0,0.0,-0.15209911577403545,0.0
B_tbl_minus_hqql,mod.fc.0,output,B_Hqql_to_Tbl,4,16,0.0,0.0,-0.29391350969672203,0.0
B_tbl_minus_hqql,mod.fc,output,B_Hqql_to_Tbl,5,16,0.0,0.0,-3.6270297542214394,0.0
B_tbl_minus_hqql,mod.fc,output,B_Hqql_to_Tbl,9,16,0.0,0.0,-5.697257682681084,0.0
B_tbl_minus_hqql,mod.fc,output,B_Hqql_to_Tbl,7,16,0.0,0.0,-1.4724742653779685,0.0
B_tbl_minus_hqql,mod.fc,output,B_Hqql_to_Tbl,6,16,0.0,0.0,-0.4337608302012086,0.0
B_tbl_minus_hqql,mod.fc,output,B_Hqql_to_Tbl,3,16,0.0,0.0,-0.41003148537129164,0.0
B_tbl_minus_hqql,mod.fc,output,B_Hqql_to_Tbl,1,16,0.0,0.0,0.36549410596489906,0.0
B_tbl_minus_hqql,mod.fc,output,B_Hqql_to_Tbl,0,16,0.0,0.0,-0.15209911577403545,0.0
B_tbl_minus_hqql,mod.fc,output,B_Hqql_to_Tbl,4,16,0.0,0.0,-0.29391350969672203,0.0
