objective,module,kind,analysis_group,role,n,mean_score,mean_abs_score,mean_delta_norm,mean_grad_norm
signed_hqql_tbl,mod.cls_blocks.1,cls,A_Hqql_correct,muon,1,-0.41549164056777954,0.41549164056777954,0.0,0.0
signed_hqql_tbl,mod.cls_blocks.1,cls,A_Hqql_correct,photon,6,-0.31862570345401764,0.31862570345401764,0.0,0.0
signed_hqql_tbl,mod.cls_blocks.1,cls,A_Hqql_correct,CLS,16,-0.28982440009713173,0.28982440009713173,0.0,0.0
signed_hqql_tbl,mod.cls_blocks.1,cls,A_Hqql_correct,charged_hadron,4,-0.2817716784775257,0.2817716784775257,0.0,0.0
signed_hqql_tbl,mod.cls_blocks.0,cls,A_Hqql_correct,charged_hadron,4,0.2580316476523876,0.2580316476523876,0.0,0.0
signed_hqql_tbl,mod.cls_blocks.1,cls,C_Tbl_correct,photon,3,-0.24980579813321432,0.24980579813321432,0.0,0.0
signed_hqql_tbl,mod.cls_blocks.1,cls,C_Tbl_correct,charged_hadron,9,-0.24183346910609138,0.24183346910609138,0.0,0.0
signed_hqql_tbl,mod.cls_blocks.1,cls,C_Tbl_correct,CLS,16,-0.23735590605065227,0.23735590605065227,0.0,0.0
signed_hqql_tbl,mod.cls_blocks.1,cls,A_Hqql_correct,neutral_hadron,5,-0.2365715652704239,0.2365715652704239,0.0,0.0
signed_hqql_tbl,mod.cls_blocks.1,cls,C_Tbl_correct,neutral_hadron,4,-0.2179439701139927,0.2179439701139927,0.0,0.0
signed_hqql_tbl,mod.cls_blocks.0,cls,A_Hqql_correct,muon,1,0.2112070918083191,0.2112070918083191,0.0,0.0
signed_hqql_tbl,mod.cls_blocks.0,cls,C_Tbl_correct,charged_hadron,9,0.21057438933187062,0.21057438933187062,0.0,0.0
signed_hqql_tbl,mod.cls_blocks.0,cls,C_Tbl_correct,photon,3,0.2009391337633133,0.2186528891324997,0.0,0.0
signed_hqql_tbl,mod.cls_blocks.0,cls,C_Tbl_correct,CLS,16,0.19959898898378015,0.2029203181155026,0.0,0.0
signed_hqql_tbl,mod.cls_blocks.1,cls,D_Tbl_to_Hqql,neutral_hadron,6,-0.1866022671262423,0.1866022671262423,0.0,0.0
signed_hqql_tbl,mod.cls_blocks.0,cls,C_Tbl_correct,neutral_hadron,4,0.17389922961592674,0.17389922961592674,0.0,0.0
signed_hqql_tbl,mod.cls_blocks.0,cls,A_Hqql_correct,CLS,16,0.1503783012740314,0.15898551745340228,0.0,0.0
signed_hqql_tbl,mod.cls_blocks.1,cls,D_Tbl_to_Hqql,CLS,16,-0.15028698067180812,0.15028698067180812,0.0,0.0
signed_hqql_tbl,mod.blocks.0,particle,C_Tbl_correct,muon,1,0.14749696850776672,0.14749696850776672,0.0,0.0
signed_hqql_tbl,mod.cls_blocks.1,cls,D_Tbl_to_Hqql,charged_hadron,5,-0.1457207478582859,0.1457207478582859,0.0,0.0
signed_hqql_tbl,mod.blocks.0,particle,A_Hqql_correct,muon,2,-0.13345439732074738,0.13345439732074738,0.0,0.0
signed_hqql_tbl,mod.cls_blocks.0,cls,A_Hqql_correct,photon,6,0.10773241395751636,0.1306849904358387,0.0,0.0
signed_hqql_tbl,mod.cls_blocks.1,cls,D_Tbl_to_Hqql,photon,5,-0.1112748697400093,0.1112748697400093,0.0,0.0
signed_hqql_tbl,mod.cls_blocks.0,cls,A_Hqql_correct,neutral_hadron,5,0.10326493084430695,0.10326493084430695,0.0,0.0
signed_hqql_tbl,mod.blocks.1,particle,A_Hqql_correct,muon,2,-0.09813670255243778,0.09813670255243778,0.0,0.0
signed_hqql_tbl,mod.cls_blocks.0,cls,B_Hqql_to_Tbl,charged_hadron,8,0.07660945132374763,0.10827785730361938,0.0,0.0
B_tbl_minus_hqql,mod.cls_blocks.0,cls,B_Hqql_to_Tbl,charged_hadron,8,0.07660941034555435,0.1082778237760067,0.0,0.0
signed_hqql_tbl,mod.cls_blocks.0,cls,D_Tbl_to_Hqql,neutral_hadron,6,0.0741660048564275,0.09481368958950043,0.0,0.0
signed_hqql_tbl,mod.cls_blocks.0,cls,D_Tbl_to_Hqql,photon,5,0.07638283595442771,0.07638283595442771,0.0,0.0
signed_hqql_tbl,mod.blocks.1,particle,C_Tbl_correct,muon,1,0.07459728419780731,0.07459728419780731,0.0,0.0
signed_hqql_tbl,mod.blocks.7,particle,C_Tbl_correct,muon,1,-0.07405261695384979,0.07405261695384979,0.0,0.0
signed_hqql_tbl,mod.cls_blocks.0,cls,D_Tbl_to_Hqql,CLS,16,0.06679636822082102,0.07935979985632002,0.0,0.0
signed_hqql_tbl,mod.cls_blocks.0,cls,B_Hqql_to_Tbl,photon,4,0.0648660734295845,0.0648660734295845,0.0,0.0
B_tbl_minus_hqql,mod.cls_blocks.0,cls,B_Hqql_to_Tbl,photon,4,0.06486604362726212,0.06486604362726212,0.0,0.0
signed_hqql_tbl,mod.blocks.7,particle,A_Hqql_correct,muon,2,0.06274942867457867,0.06274942867457867,0.0,0.0
signed_hqql_tbl,mod.blocks.5,particle,A_Hqql_correct,muon,2,-0.06157220806926489,0.06157220806926489,0.0,0.0
signed_hqql_tbl,mod.blocks.3,particle,A_Hqql_correct,muon,2,-0.05739856697618961,0.05739856697618961,0.0,0.0
signed_hqql_tbl,mod.cls_blocks.0,cls,B_Hqql_to_Tbl,CLS,16,0.051283392356708646,0.08021901990287006,0.0,0.0
B_tbl_minus_hqql,mod.cls_blocks.0,cls,B_Hqql_to_Tbl,CLS,16,0.05128336092457175,0.08021899173036218,0.0,0.0
signed_hqql_tbl,mod.blocks.3,particle,C_Tbl_correct,muon,1,0.0566897913813591,0.0566897913813591,0.0,0.0
signed_hqql_tbl,mod.blocks.1,particle,D_Tbl_to_Hqql,muon,2,-0.05548563040792942,0.05548563040792942,0.0,0.0
B_tbl_minus_hqql,mod.cls_blocks.1,cls,B_Hqql_to_Tbl,photon,4,-0.053113323636353016,0.053113323636353016,0.0,0.0
signed_hqql_tbl,mod.cls_blocks.1,cls,B_Hqql_to_Tbl,photon,4,-0.053113287314772606,0.053113287314772606,0.0,0.0
signed_hqql_tbl,mod.cls_blocks.1,cls,B_Hqql_to_Tbl,charged_hadron,8,-0.04107556026428938,0.10026893485337496,0.0,0.0
B_tbl_minus_hqql,mod.cls_blocks.1,cls,B_Hqql_to_Tbl,charged_hadron,8,-0.04107552021741867,0.1002688780426979,0.0,0.0
signed_hqql_tbl,mod.cls_blocks.0,cls,D_Tbl_to_Hqql,charged_hadron,5,0.04836633652448654,0.06379209607839584,0.0,0.0
signed_hqql_tbl,mod.blocks.5,particle,C_Tbl_correct,muon,1,0.04693814739584923,0.04693814739584923,0.0,0.0
signed_hqql_tbl,mod.blocks.4,particle,A_Hqql_correct,muon,2,-0.04271397087723017,0.04271397087723017,0.0,0.0
signed_hqql_tbl,mod.blocks.2,particle,A_Hqql_correct,muon,2,-0.040950230322778225,0.040950230322778225,0.0,0.0
signed_hqql_tbl,mod.blocks.3,particle,D_Tbl_to_Hqql,muon,2,-0.03846876695752144,0.03846876695752144,0.0,0.0
signed_hqql_tbl,mod.cls_blocks.1,cls,B_Hqql_to_Tbl,CLS,16,-0.029534841421991587,0.07323054736480117,0.0,0.0
B_tbl_minus_hqql,mod.cls_blocks.1,cls,B_Hqql_to_Tbl,CLS,16,-0.02953482768498361,0.07323052431456745,0.0,0.0
signed_hqql_tbl,mod.blocks.2,particle,C_Tbl_correct,muon,1,0.03783451393246651,0.03783451393246651,0.0,0.0
signed_hqql_tbl,mod.blocks.7,particle,A_Hqql_correct,electron,5,0.03580747894011438,0.03580747894011438,0.0,0.0
signed_hqql_tbl,mod.blocks.3,particle,B_Hqql_to_Tbl,muon,1,0.03197387605905533,0.03197387605905533,0.0,0.0
B_tbl_minus_hqql,mod.blocks.3,particle,B_Hqql_to_Tbl,muon,1,0.03197386488318443,0.03197386488318443,0.0,0.0
signed_hqql_tbl,mod.blocks.5,particle,A_Hqql_correct,electron,5,-0.030056844581849873,0.030175123433582484,0.0,0.0
signed_hqql_tbl,mod.blocks.0,particle,D_Tbl_to_Hqql,muon,2,-0.029234481044113636,0.029345079325139523,0.0,0.0
signed_hqql_tbl,mod.blocks.3,particle,A_Hqql_correct,electron,5,-0.022249117959290743,0.026587859075516463,0.0,0.0
signed_hqql_tbl,mod.blocks.6,particle,B_Hqql_to_Tbl,muon,1,0.023026205599308014,0.023026205599308014,0.0,0.0
B_tbl_minus_hqql,mod.blocks.6,particle,B_Hqql_to_Tbl,muon,1,0.02302619442343712,0.02302619442343712,0.0,0.0
B_tbl_minus_hqql,mod.cls_blocks.1,cls,B_Hqql_to_Tbl,neutral_hadron,4,0.017125053331255913,0.03927101753652096,0.0,0.0
signed_hqql_tbl,mod.cls_blocks.1,cls,B_Hqql_to_Tbl,neutral_hadron,4,0.017125042155385017,0.03927103243768215,0.0,0.0
signed_hqql_tbl,mod.blocks.6,particle,A_Hqql_correct,muon,2,0.020960992202162743,0.02271091379225254,0.0,0.0
signed_hqql_tbl,mod.blocks.3,particle,D_Tbl_to_Hqql,electron,2,0.021168677019886672,0.021168677019886672,0.0,0.0
signed_hqql_tbl,mod.blocks.0,particle,C_Tbl_correct,electron,3,-0.015531801929076513,0.037875380367040634,0.0,0.0
signed_hqql_tbl,mod.blocks.0,particle,A_Hqql_correct,electron,5,-0.012925495021045208,0.04723200034350157,0.0,0.0
B_tbl_minus_hqql,mod.cls_blocks.0,cls,B_Hqql_to_Tbl,neutral_hadron,4,-0.012951420620083809,0.039454275742173195,0.0,0.0
signed_hqql_tbl,mod.cls_blocks.0,cls,B_Hqql_to_Tbl,neutral_hadron,4,-0.01295140665024519,0.03945429157465696,0.0,0.0
signed_hqql_tbl,mod.blocks.5,particle,B_Hqql_to_Tbl,muon,1,-0.01676180772483349,0.01676180772483349,0.0,0.0
B_tbl_minus_hqql,mod.blocks.5,particle,B_Hqql_to_Tbl,muon,1,-0.0167617816478014,0.0167617816478014,0.0,0.0
signed_hqql_tbl,mod.blocks.6,particle,C_Tbl_correct,electron,3,-0.016090574984749157,0.016090574984749157,0.0,0.0
signed_hqql_tbl,mod.blocks.7,particle,D_Tbl_to_Hqql,muon,2,0.01595856691710651,0.01595856691710651,0.0,0.0
signed_hqql_tbl,mod.blocks.0,particle,D_Tbl_to_Hqql,electron,2,0.01289884326979518,0.028151713777333498,0.0,0.0
signed_hqql_tbl,mod.blocks.6,particle,A_Hqql_correct,electron,5,-0.014957996516022832,0.019142598973121493,0.0,0.0
signed_hqql_tbl,mod.blocks.2,particle,A_Hqql_correct,electron,5,-0.01489177979528904,0.017244919389486312,0.0,0.0
signed_hqql_tbl,mod.blocks.7,particle,A_Hqql_correct,charged_hadron,16,0.014752427079656627,0.015100467870070133,0.0,0.0
signed_hqql_tbl,mod.blocks.3,particle,C_Tbl_correct,electron,3,-0.013584687684973082,0.015851392100254696,0.0,0.0
signed_hqql_tbl,mod.blocks.7,particle,D_Tbl_to_Hqql,electron,2,0.013683229451999068,0.013683229451999068,0.0,0.0
signed_hqql_tbl,mod.blocks.1,particle,D_Tbl_to_Hqql,electron,2,0.011344467289745808,0.01565090101212263,0.0,0.0
signed_hqql_tbl,mod.blocks.4,particle,A_Hqql_correct,electron,5,-0.011842975812032818,0.012501005036756396,0.0,0.0
signed_hqql_tbl,mod.blocks.7,particle,A_Hqql_correct,photon,16,0.011693669912347104,0.012371369266475085,0.0,0.0
signed_hqql_tbl,mod.blocks.0,particle,A_Hqql_correct,charged_hadron,16,-0.010990860871970654,0.01399378792848438,0.0,0.0
signed_hqql_tbl,mod.blocks.0,particle,C_Tbl_correct,charged_hadron,16,-0.010640329594025388,0.014028818724909797,0.0,0.0
signed_hqql_tbl,mod.blocks.2,particle,D_Tbl_to_Hqql,electron,2,0.011140319867990911,0.011140319867990911,0.0,0.0
signed_hqql_tbl,mod.blocks.1,particle,A_Hqql_correct,electron,5,-0.009586651157587767,0.016839288640767336,0.0,0.0
signed_hqql_tbl,mod.blocks.2,particle,C_Tbl_correct,electron,3,-0.009544525916377703,0.016510898247361183,0.0,0.0
signed_hqql_tbl,mod.blocks.5,particle,D_Tbl_to_Hqql,electron,2,-0.010223594610579312,0.011736466432921588,0.0,0.0
B_tbl_minus_hqql,mod.blocks.7,particle,B_Hqql_to_Tbl,muon,1,-0.010522573255002499,0.010522573255002499,0.0,0.0
signed_hqql_tbl,mod.blocks.7,particle,B_Hqql_to_Tbl,muon,1,-0.01052255742251873,0.01052255742251873,0.0,0.0
signed_hqql_tbl,mod.blocks.7,particle,C_Tbl_correct,charged_hadron,16,0.00886124634416774,0.00953290006145835,0.0,0.0
signed_hqql_tbl,mod.blocks.6,particle,D_Tbl_to_Hqql,electron,2,0.008644275891128927,0.01003900304203853,0.0,0.0
signed_hqql_tbl,mod.blocks.6,particle,D_Tbl_to_Hqql,muon,2,0.008853424340486526,0.008853424340486526,0.0,0.0
signed_hqql_tbl,mod.blocks.2,particle,B_Hqql_to_Tbl,muon,1,-0.008768978528678417,0.008768978528678417,0.0,0.0
B_tbl_minus_hqql,mod.blocks.2,particle,B_Hqql_to_Tbl,muon,1,-0.008768950589001179,0.008768950589001179,0.0,0.0
signed_hqql_tbl,mod.blocks.4,particle,D_Tbl_to_Hqql,electron,2,0.008680962957441807,0.008680962957441807,0.0,0.0
signed_hqql_tbl,mod.blocks.0,particle,C_Tbl_correct,neutral_hadron,16,-0.007387925956209074,0.012773976353855687,0.0,0.0
signed_hqql_tbl,mod.blocks.4,particle,B_Hqql_to_Tbl,electron,3,-0.007933931502824029,0.01040266384370625,0.0,0.0
B_tbl_minus_hqql,mod.blocks.4,particle,B_Hqql_to_Tbl,electron,3,-0.00793392506117622,0.010402661593010029,0.0,0.0
signed_hqql_tbl,mod.blocks.4,particle,C_Tbl_correct,electron,3,-0.004964572998384635,0.022268213021258514,0.0,0.0
signed_hqql_tbl,mod.blocks.1,particle,C_Tbl_correct,charged_hadron,16,-0.008238274327595718,0.008720291501958854,0.0,0.0
signed_hqql_tbl,mod.blocks.2,particle,D_Tbl_to_Hqql,muon,2,-0.007572892238385975,0.010458825970999897,0.0,0.0
signed_hqql_tbl,mod.blocks.0,particle,A_Hqql_correct,neutral_hadron,16,0.005101580885821022,0.0196147072565509,0.0,0.0
signed_hqql_tbl,mod.blocks.1,particle,C_Tbl_correct,electron,3,0.0016930277148882549,0.03174159427483877,0.0,0.0
signed_hqql_tbl,mod.blocks.7,particle,A_Hqql_correct,neutral_hadron,16,0.0070103244343044935,0.0086659896060155,0.0,0.0
signed_hqql_tbl,mod.blocks.7,particle,C_Tbl_correct,electron,3,-0.004890317718187968,0.015775181353092194,0.0,0.0
signed_hqql_tbl,mod.blocks.3,particle,B_Hqql_to_Tbl,electron,3,-0.0066271263640373945,0.0066271263640373945,0.0,0.0
B_tbl_minus_hqql,mod.blocks.3,particle,B_Hqql_to_Tbl,electron,3,-0.006627123958120744,0.006627123958120744,0.0,0.0
signed_hqql_tbl,mod.blocks.1,particle,B_Hqql_to_Tbl,muon,1,-0.00651559280231595,0.00651559280231595,0.0,0.0
B_tbl_minus_hqql,mod.blocks.1,particle,B_Hqql_to_Tbl,muon,1,-0.006515572778880596,0.006515572778880596,0.0,0.0
signed_hqql_tbl,mod.blocks.0,particle,B_Hqql_to_Tbl,neutral_hadron,16,-0.00388075654336717,0.01620955554244574,0.0,0.0
B_tbl_minus_hqql,mod.blocks.0,particle,B_Hqql_to_Tbl,neutral_hadron,16,-0.0038807509845355526,0.016209558190894313,0.0,0.0
signed_hqql_tbl,mod.blocks.7,particle,C_Tbl_correct,neutral_hadron,16,0.006106262902903836,0.00690948201372521,0.0,0.0
signed_hqql_tbl,mod.blocks.7,particle,C_Tbl_correct,photon,16,0.006172431341838092,0.006233409629203379,0.0,0.0
signed_hqql_tbl,mod.blocks.1,particle,A_Hqql_correct,charged_hadron,16,-0.0047066519443887955,0.007778046053090293,0.0,0.0
signed_hqql_tbl,mod.blocks.6,particle,A_Hqql_correct,charged_hadron,16,0.005005024228012189,0.005200683226576075,0.0,0.0
signed_hqql_tbl,mod.blocks.2,particle,A_Hqql_correct,charged_hadron,16,-0.0042808845810213825,0.007031202805592329,0.0,0.0
signed_hqql_tbl,mod.blocks.0,particle,A_Hqql_correct,photon,16,-0.003914962006092537,0.007711512029345613,0.0,0.0
B_tbl_minus_hqql,mod.blocks.2,particle,B_Hqql_to_Tbl,electron,3,0.00396582018584013,0.006511744732658069,0.0,0.0
signed_hqql_tbl,mod.blocks.2,particle,B_Hqql_to_Tbl,electron,3,0.003965815218786399,0.0065117521832386656,0.0,0.0
signed_hqql_tbl,mod.blocks.7,particle,D_Tbl_to_Hqql,charged_hadron,16,0.003889632870141213,0.004954158241616824,0.0,0.0
signed_hqql_tbl,mod.blocks.5,particle,D_Tbl_to_Hqql,muon,2,0.0037272233748808503,0.00538152118679136,0.0,0.0
signed_hqql_tbl,mod.blocks.1,particle,B_Hqql_to_Tbl,electron,3,-0.0030827329804499945,0.007885967381298542,0.0,0.0
B_tbl_minus_hqql,mod.blocks.1,particle,B_Hqql_to_Tbl,electron,3,-0.0030827239776651063,0.007885962724685669,0.0,0.0
signed_hqql_tbl,mod.blocks.5,particle,C_Tbl_correct,electron,3,-0.0009272314297656218,0.016393899141500395,0.0,0.0
signed_hqql_tbl,mod.blocks.2,particle,C_Tbl_correct,charged_hadron,16,-0.0037256147552398033,0.004828089520742651,0.0,0.0
signed_hqql_tbl,mod.blocks.0,particle,D_Tbl_to_Hqql,neutral_hadron,16,-0.0013017604214837775,0.014272406449890696,0.0,0.0
signed_hqql_tbl,mod.blocks.0,particle,C_Tbl_correct,photon,16,-0.0030299031459435355,0.0067082234418194275,0.0,0.0
signed_hqql_tbl,mod.blocks.1,particle,C_Tbl_correct,photon,16,-0.003666888955194736,0.004098324374353979,0.0,0.0
signed_hqql_tbl,mod.blocks.4,particle,C_Tbl_correct,charged_hadron,16,-0.0034855501248785004,0.0043708729604077234,0.0,0.0
signed_hqql_tbl,mod.blocks.1,particle,A_Hqql_correct,neutral_hadron,16,-0.002491809194907546,0.008230220286350232,0.0,0.0
signed_hqql_tbl,mod.blocks.1,particle,C_Tbl_correct,neutral_hadron,16,-0.002751845899183536,0.006869736895168899,0.0,0.0
signed_hqql_tbl,mod.blocks.3,particle,A_Hqql_correct,charged_hadron,16,-0.0034092721580236685,0.004145316645008279,0.0,0.0
signed_hqql_tbl,mod.blocks.0,particle,B_Hqql_to_Tbl,charged_hadron,16,-0.002569660775407101,0.006219430275450577,0.0,0.0
B_tbl_minus_hqql,mod.blocks.0,particle,B_Hqql_to_Tbl,charged_hadron,16,-0.0025696599077491555,0.006219429746124661,0.0,0.0
B_tbl_minus_hqql,mod.blocks.7,particle,B_Hqql_to_Tbl,electron,3,-0.0030877717169156917,0.004138342075748369,0.0,0.0
signed_hqql_tbl,mod.blocks.7,particle,B_Hqql_to_Tbl,electron,3,-0.0030877685154943415,0.004138342677227532,0.0,0.0
signed_hqql_tbl,mod.blocks.1,particle,D_Tbl_to_Hqql,neutral_hadron,16,0.0023847594475228107,0.006715177189107635,0.0,0.0
signed_hqql_tbl,mod.blocks.2,particle,C_Tbl_correct,photon,16,-0.003221964767362806,0.0033085423692682525,0.0,0.0
signed_hqql_tbl,mod.blocks.6,particle,A_Hqql_correct,photon,16,0.0029695821544919454,0.004139603056955821,0.0,0.0
B_tbl_minus_hqql,mod.blocks.5,particle,B_Hqql_to_Tbl,electron,3,0.003192534204572439,0.003192534204572439,0.0,0.0
signed_hqql_tbl,mod.blocks.5,particle,B_Hqql_to_Tbl,electron,3,0.0031925319732787707,0.0031925319732787707,0.0,0.0
signed_hqql_tbl,mod.blocks.3,particle,C_Tbl_correct,charged_hadron,16,-0.0030971094329288462,0.0035464257871353766,0.0,0.0
signed_hqql_tbl,mod.blocks.2,particle,C_Tbl_correct,neutral_hadron,16,-0.0025381089053553296,0.005401127707955311,0.0,0.0
signed_hqql_tbl,mod.blocks.7,particle,D_Tbl_to_Hqql,photon,16,0.002848983887815848,0.003791440147324465,0.0,0.0
signed_hqql_tbl,mod.blocks.0,particle,D_Tbl_to_Hqql,charged_hadron,16,0.0016328990277543198,0.008629011947050458,0.0,0.0
signed_hqql_tbl,mod.blocks.0,particle,B_Hqql_to_Tbl,muon,1,-0.003030749037861824,0.003030749037861824,0.0,0.0
B_tbl_minus_hqql,mod.blocks.0,particle,B_Hqql_to_Tbl,muon,1,-0.003030718769878149,0.003030718769878149,0.0,0.0
signed_hqql_tbl,mod.blocks.1,particle,D_Tbl_to_Hqql,charged_hadron,16,0.0024571242029196583,0.00523789430008037,0.0,0.0
signed_hqql_tbl,mod.blocks.4,particle,D_Tbl_to_Hqql,muon,2,-0.002927258377894759,0.002927258377894759,0.0,0.0
signed_hqql_tbl,mod.blocks.4,particle,D_Tbl_to_Hqql,neutral_hadron,16,-0.0026083517623192165,0.004112181402888382,0.0,0.0
B_tbl_minus_hqql,mod.blocks.2,particle,B_Hqql_to_Tbl,neutral_hadron,16,0.002128013262336026,0.006031783877915586,0.0,0.0
signed_hqql_tbl,mod.blocks.2,particle,B_Hqql_to_Tbl,neutral_hadron,16,0.0021280106284393696,0.00603178124401893,0.0,0.0
signed_hqql_tbl,mod.blocks.1,particle,B_Hqql_to_Tbl,charged_hadron,16,-0.0025598553725103557,0.004135647177918145,0.0,0.0
B_tbl_minus_hqql,mod.blocks.1,particle,B_Hqql_to_Tbl,charged_hadron,16,-0.00255985587818941,0.0041356449187333055,0.0,0.0
signed_hqql_tbl,mod.blocks.2,particle,A_Hqql_correct,photon,16,-0.0026028508673334727,0.0039098973156797,0.0,0.0
signed_hqql_tbl,mod.blocks.3,particle,B_Hqql_to_Tbl,neutral_hadron,16,-0.0024609523661638377,0.004342413931226474,0.0,0.0
B_tbl_minus_hqql,mod.blocks.3,particle,B_Hqql_to_Tbl,neutral_hadron,16,-0.0024609517058706842,0.004342414347775048,0.0,0.0
signed_hqql_tbl,mod.blocks.2,particle,A_Hqql_correct,neutral_hadron,16,0.0011498373569338582,0.00954412297141971,0.0,0.0
signed_hqql_tbl,mod.blocks.4,particle,A_Hqql_correct,neutral_hadron,16,0.002098403623676859,0.005740576554671861,0.0,0.0
signed_hqql_tbl,mod.blocks.4,particle,C_Tbl_correct,photon,16,-0.0027335862469044514,0.003034588968148455,0.0,0.0
signed_hqql_tbl,mod.blocks.6,particle,B_Hqql_to_Tbl,electron,3,0.002648314655137559,0.0028772512062763176,0.0,0.0
B_tbl_minus_hqql,mod.blocks.6,particle,B_Hqql_to_Tbl,electron,3,0.002648312559661766,0.0028772491108005247,0.0,0.0
B_tbl_minus_hqql,mod.blocks.6,particle,B_Hqql_to_Tbl,neutral_hadron,16,-0.0024012192111513286,0.0029538961584876233,0.0,0.0
signed_hqql_tbl,mod.blocks.6,particle,B_Hqql_to_Tbl,neutral_hadron,16,-0.0024012190415305668,0.0029538960798163316,0.0,0.0
B_tbl_minus_hqql,mod.blocks.1,particle,B_Hqql_to_Tbl,neutral_hadron,16,0.0013949118783784797,0.006956120510949404,0.0,0.0
signed_hqql_tbl,mod.blocks.1,particle,B_Hqql_to_Tbl,neutral_hadron,16,0.0013949087897344725,0.00695612031086057,0.0,0.0
signed_hqql_tbl,mod.blocks.3,particle,C_Tbl_correct,photon,16,-0.0023680105005041696,0.0029978242309880443,0.0,0.0
signed_hqql_tbl,mod.blocks.1,particle,A_Hqql_correct,photon,16,-0.002078898440231569,0.004146949380810838,0.0,0.0
B_tbl_minus_hqql,mod.blocks.1,particle,B_Hqql_to_Tbl,photon,16,-0.0021779696894554945,0.003372944351667684,0.0,0.0
signed_hqql_tbl,mod.blocks.1,particle,B_Hqql_to_Tbl,photon,16,-0.0021779693138341827,0.003372944405327871,0.0,0.0
signed_hqql_tbl,mod.blocks.7,particle,B_Hqql_to_Tbl,charged_hadron,16,-0.0016847847400640603,0.005184647106943885,0.0,0.0
B_tbl_minus_hqql,mod.blocks.7,particle,B_Hqql_to_Tbl,charged_hadron,16,-0.0016847848564793821,0.005184645098779583,0.0,0.0
signed_hqql_tbl,mod.blocks.4,particle,A_Hqql_correct,charged_hadron,16,-0.0018750055469354265,0.004226310768899566,0.0,0.0
signed_hqql_tbl,mod.blocks.4,particle,C_Tbl_correct,neutral_hadron,16,-0.0021420598866157547,0.0026261972737060546,0.0,0.0
B_tbl_minus_hqql,mod.blocks.0,particle,B_Hqql_to_Tbl,electron,3,0.0004207310266792774,0.009510175169756016,0.0,0.0
signed_hqql_tbl,mod.blocks.0,particle,B_Hqql_to_Tbl,electron,3,0.0004207170568406582,0.009510190381358067,0.0,0.0
signed_hqql_tbl,mod.blocks.5,particle,A_Hqql_correct,neutral_hadron,16,0.0018556537597760325,0.0036261922850826522,0.0,0.0
B_tbl_minus_hqql,mod.blocks.0,particle,B_Hqql_to_Tbl,photon,16,-0.001498318470112281,0.004737286584713729,0.0,0.0
signed_hqql_tbl,mod.blocks.0,particle,B_Hqql_to_Tbl,photon,16,-0.0014983172950451262,0.004737287454190664,0.0,0.0
signed_hqql_tbl,mod.blocks.3,particle,C_Tbl_correct,neutral_hadron,16,-0.0019377004264242714,0.002788901254461962,0.0,0.0
signed_hqql_tbl,mod.blocks.5,particle,D_Tbl_to_Hqql,neutral_hadron,16,-0.0015660225344618084,0.0036327924444776727,0.0,0.0
signed_hqql_tbl,mod.blocks.6,particle,D_Tbl_to_Hqql,charged_hadron,16,0.0018068398549075937,0.0026362834196334006,0.0,0.0
signed_hqql_tbl,mod.blocks.0,particle,D_Tbl_to_Hqql,photon,16,-0.0009073529872694053,0.00577589532622369,0.0,0.0
signed_hqql_tbl,mod.blocks.6,particle,C_Tbl_correct,muon,1,0.0018111590761691332,0.0018111590761691332,0.0,0.0
signed_hqql_tbl,mod.blocks.5,particle,A_Hqql_correct,charged_hadron,16,0.0009480749349677353,0.0050487872713347315,0.0,0.0
signed_hqql_tbl,mod.blocks.4,particle,B_Hqql_to_Tbl,charged_hadron,16,-0.0013456262604449876,0.0034552868783066515,0.0,0.0
B_tbl_minus_hqql,mod.blocks.4,particle,B_Hqql_to_Tbl,charged_hadron,16,-0.0013456260840030154,0.0034552864726720145,0.0,0.0
signed_hqql_tbl,mod.blocks.6,particle,D_Tbl_to_Hqql,neutral_hadron,16,0.001564119211252546,0.002495370226824889,0.0,0.0
B_tbl_minus_hqql,mod.blocks.5,particle,B_Hqql_to_Tbl,photon,16,-0.0015878807278113527,0.002368612802683856,0.0,0.0
signed_hqql_tbl,mod.blocks.5,particle,B_Hqql_to_Tbl,photon,16,-0.001587880424267496,0.002368612787904567,0.0,0.0
signed_hqql_tbl,mod.blocks.7,particle,B_Hqql_to_Tbl,neutral_hadron,16,0.0007590522400278132,0.004886303690000204,0.0,0.0
B_tbl_minus_hqql,mod.blocks.7,particle,B_Hqql_to_Tbl,neutral_hadron,16,0.0007590517179778544,0.004886304135652608,0.0,0.0
signed_hqql_tbl,mod.blocks.5,particle,A_Hqql_correct,photon,16,0.00130596699364105,0.0026957019354085787,0.0,0.0
signed_hqql_tbl,mod.blocks.2,particle,D_Tbl_to_Hqql,photon,16,-0.0010841715120477602,0.0033141247113235295,0.0,0.0
signed_hqql_tbl,mod.blocks.6,particle,B_Hqql_to_Tbl,charged_hadron,16,-0.0011468232733022887,0.0028039081116730813,0.0,0.0
B_tbl_minus_hqql,mod.blocks.6,particle,B_Hqql_to_Tbl,charged_hadron,16,-0.0011468233478808543,0.0028039071748935385,0.0,0.0
signed_hqql_tbl,mod.blocks.5,particle,C_Tbl_correct,neutral_hadron,16,-0.0012957480694240076,0.0020896715695926105,0.0,0.0
signed_hqql_tbl,mod.blocks.3,particle,B_Hqql_to_Tbl,charged_hadron,16,-0.0011473366794234607,0.0023693165894655976,0.0,0.0
B_tbl_minus_hqql,mod.blocks.3,particle,B_Hqql_to_Tbl,charged_hadron,16,-0.001147335986388498,0.0023693167004239513,0.0,0.0
signed_hqql_tbl,mod.blocks.7,particle,D_Tbl_to_Hqql,neutral_hadron,16,0.0005643637014145497,0.004579375530738616,0.0,0.0
signed_hqql_tbl,mod.blocks.5,particle,D_Tbl_to_Hqql,charged_hadron,16,-0.0009672833657532465,0.002769945429463405,0.0,0.0
B_tbl_minus_hqql,mod.blocks.5,particle,B_Hqql_to_Tbl,neutral_hadron,16,-0.0010095743007241254,0.0025379169298958004,0.0,0.0
signed_hqql_tbl,mod.blocks.5,particle,B_Hqql_to_Tbl,neutral_hadron,16,-0.0010095735281083762,0.0025379171177064563,0.0,0.0
signed_hqql_tbl,mod.blocks.1,particle,D_Tbl_to_Hqql,photon,16,0.0007803905900800601,0.003413121070479974,0.0,0.0
signed_hqql_tbl,mod.blocks.3,particle,D_Tbl_to_Hqql,photon,16,-0.0009969970044494403,0.002173933721451249,0.0,0.0
signed_hqql_tbl,mod.blocks.2,particle,D_Tbl_to_Hqql,neutral_hadron,16,0.00021520897644222714,0.005255145686533069,0.0,0.0
signed_hqql_tbl,mod.blocks.4,particle,B_Hqql_to_Tbl,muon,1,-0.0011971034109592438,0.0011971034109592438,0.0,0.0
B_tbl_minus_hqql,mod.blocks.4,particle,B_Hqql_to_Tbl,muon,1,-0.0011971034109592438,0.0011971034109592438,0.0,0.0
signed_hqql_tbl,mod.blocks.3,particle,A_Hqql_correct,neutral_hadron,16,0.00025237501722585876,0.004574250897348975,0.0,0.0
B_tbl_minus_hqql,mod.blocks.5,particle,B_Hqql_to_Tbl,charged_hadron,16,0.0006168389845697675,0.00304528043125174,0.0,0.0
signed_hqql_tbl,mod.blocks.5,particle,B_Hqql_to_Tbl,charged_hadron,16,0.0006168382733449107,0.003045279894649866,0.0,0.0
signed_hqql_tbl,mod.blocks.4,particle,A_Hqql_correct,photon,16,-0.0006986277558098664,0.0026025566667158273,0.0,0.0
signed_hqql_tbl,mod.blocks.4,particle,B_Hqql_to_Tbl,neutral_hadron,16,3.987290347140515e-05,0.0043679803939085105,0.0,0.0
B_tbl_minus_hqql,mod.blocks.4,particle,B_Hqql_to_Tbl,neutral_hadron,16,3.9872616980574094e-05,0.004367980121969595,0.0,0.0
signed_hqql_tbl,mod.blocks.2,particle,D_Tbl_to_Hqql,charged_hadron,16,0.00022949271988181863,0.0035602551306510577,0.0,0.0
signed_hqql_tbl,mod.blocks.4,particle,D_Tbl_to_Hqql,charged_hadron,16,0.0004867953052780649,0.002491630317763338,0.0,0.0
signed_hqql_tbl,mod.blocks.5,particle,C_Tbl_correct,photon,16,-0.0006691362214041874,0.0016423768902313896,0.0,0.0
signed_hqql_tbl,mod.blocks.6,particle,C_Tbl_correct,charged_hadron,16,-0.00022138218021439116,0.0032666093381266137,0.0,0.0
signed_hqql_tbl,mod.blocks.5,particle,D_Tbl_to_Hqql,photon,16,0.00048356438855989836,0.001994872665818548,0.0,0.0
signed_hqql_tbl,mod.blocks.6,particle,A_Hqql_correct,neutral_hadron,16,0.0003570758831301646,0.0024459232831759437,0.0,0.0
signed_hqql_tbl,mod.blocks.3,particle,D_Tbl_to_Hqql,charged_hadron,16,7.235775046865456e-05,0.0035089263583358843,0.0,0.0
signed_hqql_tbl,mod.blocks.3,particle,A_Hqql_correct,photon,16,-0.0005040808322291923,0.0017602948624926285,0.0,0.0
signed_hqql_tbl,mod.blocks.3,particle,D_Tbl_to_Hqql,neutral_hadron,16,-9.552234223519918e-05,0.0033805996736191446,0.0,0.0
B_tbl_minus_hqql,mod.blocks.7,particle,B_Hqql_to_Tbl,photon,16,-0.00039683426143710676,0.002162221004937237,0.0,0.0
signed_hqql_tbl,mod.blocks.7,particle,B_Hqql_to_Tbl,photon,16,-0.0003968339071889204,0.002162221491062155,0.0,0.0
signed_hqql_tbl,mod.blocks.6,particle,D_Tbl_to_Hqql,photon,16,0.0004679123521782458,0.0018267624182044528,0.0,0.0
B_tbl_minus_hqql,mod.blocks.4,particle,B_Hqql_to_Tbl,photon,16,-0.00025506655296680947,0.0026621440746055214,0.0,0.0
signed_hqql_tbl,mod.blocks.4,particle,B_Hqql_to_Tbl,photon,16,-0.00025506624157856095,0.0026621436722678027,0.0,0.0
B_tbl_minus_hqql,mod.blocks.2,particle,B_Hqql_to_Tbl,charged_hadron,16,-3.613519311329583e-05,0.0035357120586922974,0.0,0.0
signed_hqql_tbl,mod.blocks.2,particle,B_Hqql_to_Tbl,charged_hadron,16,-3.6134914807917085e-05,0.003535711154654564,0.0,0.0
signed_hqql_tbl,mod.blocks.5,particle,C_Tbl_correct,charged_hadron,16,-0.0004840088531636866,0.0017171914860227844,0.0,0.0
signed_hqql_tbl,mod.blocks.2,particle,B_Hqql_to_Tbl,photon,16,0.0001221121210619458,0.002484203124367923,0.0,0.0
B_tbl_minus_hqql,mod.blocks.2,particle,B_Hqql_to_Tbl,photon,16,0.00012211148259666516,0.002484203300809895,0.0,0.0
signed_hqql_tbl,mod.blocks.3,particle,B_Hqql_to_Tbl,photon,16,-0.00027303085198582266,0.0018329743511458219,0.0,0.0
B_tbl_minus_hqql,mod.blocks.3,particle,B_Hqql_to_Tbl,photon,16,-0.000273030878361169,0.001832973911859881,0.0,0.0
signed_hqql_tbl,mod.blocks.4,particle,D_Tbl_to_Hqql,photon,16,-0.00012868653357145377,0.002305522924871184,0.0,0.0
signed_hqql_tbl,mod.blocks.6,particle,C_Tbl_correct,neutral_hadron,16,7.208231545519084e-05,0.0021702270751120523,0.0,0.0
signed_hqql_tbl,mod.blocks.6,particle,B_Hqql_to_Tbl,photon,16,0.00019952497768827016,0.0016458830677947844,0.0,0.0
B_tbl_minus_hqql,mod.blocks.6,particle,B_Hqql_to_Tbl,photon,16,0.00019952480670326622,0.0016458832569696824,0.0,0.0
signed_hqql_tbl,mod.blocks.6,particle,C_Tbl_correct,photon,16,8.162421363522299e-05,0.0018135089303541463,0.0,0.0
signed_hqql_tbl,mod.blocks.4,particle,C_Tbl_correct,muon,1,-0.00012240279465913773,0.00012240279465913773,0.0,0.0
