source,target,kind,weight,formula,src_label,tgt_label,dim,objective,group,mean_abs,B_flip,action,rules,score,tensor
classifier:mod.fc,objective:label_Hcc-label_Zqq,classifier_to_objective,1.0,logits=fc(z),label_Zqq,label_Hcc,,,,,,,,,
classifier_dim:fc_dim_79,classifier:mod.fc,linear_direction,1.0129703283309937,,label_Zqq,label_Hcc,79,,,,,,,,
classifier_dim:fc_dim_10,classifier:mod.fc,linear_direction,-0.9937915802001953,,label_Zqq,label_Hcc,10,,,,,,,,
classifier_dim:fc_dim_8,classifier:mod.fc,linear_direction,-0.9532447457313538,,label_Zqq,label_Hcc,8,,,,,,,,
classifier_dim:fc_dim_2,classifier:mod.fc,linear_direction,-0.8504862785339355,,label_Zqq,label_Hcc,2,,,,,,,,
classifier_dim:fc_dim_66,classifier:mod.fc,linear_direction,0.7084987163543701,,label_Zqq,label_Hcc,66,,,,,,,,
classifier_dim:fc_dim_121,classifier:mod.fc,linear_direction,0.7050638198852539,,label_Zqq,label_Hcc,121,,,,,,,,
classifier_dim:fc_dim_45,classifier:mod.fc,linear_direction,0.6071857810020447,,label_Zqq,label_Hcc,45,,,,,,,,
classifier_dim:fc_dim_18,classifier:mod.fc,linear_direction,0.5055798292160034,,label_Zqq,label_Hcc,18,,,,,,,,
classifier_dim:fc_dim_76,classifier:mod.fc,linear_direction,0.4995580315589905,,label_Zqq,label_Hcc,76,,,,,,,,
classifier_dim:fc_dim_3,classifier:mod.fc,linear_direction,0.39634543657302856,,label_Zqq,label_Hcc,3,,,,,,,,
classifier_dim:fc_dim_57,classifier:mod.fc,linear_direction,0.3537442982196808,,label_Zqq,label_Hcc,57,,,,,,,,
classifier_dim:fc_dim_23,classifier:mod.fc,linear_direction,-0.3311540186405182,,label_Zqq,label_Hcc,23,,,,,,,,
classifier_dim:fc_dim_82,classifier:mod.fc,linear_direction,0.3028479218482971,,label_Zqq,label_Hcc,82,,,,,,,,
classifier_dim:fc_dim_58,classifier:mod.fc,linear_direction,0.2851003408432007,,label_Zqq,label_Hcc,58,,,,,,,,
classifier_dim:fc_dim_91,classifier:mod.fc,linear_direction,-0.2575779855251312,,label_Zqq,label_Hcc,91,,,,,,,,
classifier_dim:fc_dim_54,classifier:mod.fc,linear_direction,0.25316715240478516,,label_Zqq,label_Hcc,54,,,,,,,,
classifier_dim:fc_dim_96,classifier:mod.fc,linear_direction,-0.2272307574748993,,label_Zqq,label_Hcc,96,,,,,,,,
classifier_dim:fc_dim_123,classifier:mod.fc,linear_direction,-0.22343184053897858,,label_Zqq,label_Hcc,123,,,,,,,,
classifier_dim:fc_dim_103,classifier:mod.fc,linear_direction,0.169114351272583,,label_Zqq,label_Hcc,103,,,,,,,,
classifier_dim:fc_dim_34,classifier:mod.fc,linear_direction,-0.0480010062456131,,label_Zqq,label_Hcc,34,,,,,,,,
classifier_dim:fc_dim_80,classifier:mod.fc,linear_direction,0.028266608715057373,,label_Zqq,label_Hcc,80,,,,,,,,
classifier_dim:fc_dim_6,classifier:mod.fc,linear_direction,-0.018253885209560394,,label_Zqq,label_Hcc,6,,,,,,,,
classifier_dim:fc_dim_110,classifier:mod.fc,linear_direction,0.016404349356889725,,label_Zqq,label_Hcc,110,,,,,,,,
classifier_dim:fc_dim_124,classifier:mod.fc,linear_direction,0.0009466931223869324,,label_Zqq,label_Hcc,124,,,,,,,,
residual_cls:mod.cls_blocks.0,classifier:mod.fc,residual_to_classifier,0.5415603285655379,,,,,signed_hqql_tbl,C_Tbl_correct,0.5415603285655379,,,,,
residual_cls:mod.cls_blocks.1,classifier:mod.fc,residual_to_classifier,-0.4527528192847967,,,,,signed_hqql_tbl,C_Tbl_correct,0.4527528192847967,,,,,
residual_particle:mod.blocks.0,classifier:mod.fc,residual_to_classifier,-0.21712430170737207,,,,,signed_hqql_tbl,A_Hqql_correct,0.5747527303174138,,,,,
residual_cls:mod.cls_blocks.1,classifier:mod.fc,residual_to_classifier,-0.2697971500456333,,,,,signed_hqql_tbl,A_Hqql_correct,0.2697971500456333,,,,,
residual_cls:mod.cls_blocks.0,classifier:mod.fc,residual_to_classifier,0.24187222681939602,,,,,signed_hqql_tbl,A_Hqql_correct,0.24187222681939602,,,,,
residual_particle:mod.blocks.7,classifier:mod.fc,residual_to_classifier,0.2179694294463843,,,,,signed_hqql_tbl,A_Hqql_correct,0.27213391684927046,,,,,
residual_cls:mod.cls_blocks.0,classifier:mod.fc,residual_to_classifier,0.21947127161547542,,,,,signed_hqql_tbl,B_Hqql_to_Tbl,0.21947127161547542,,,,,
residual_cls:mod.cls_blocks.0,classifier:mod.fc,residual_to_classifier,0.21947125531733036,,,,,B_tbl_minus_hqql,B_Hqql_to_Tbl,0.21947125531733036,,,,,
residual_cls:mod.cls_blocks.1,classifier:mod.fc,residual_to_classifier,-0.17998992069624364,,,,,B_tbl_minus_hqql,B_Hqql_to_Tbl,0.17998992069624364,,,,,
residual_cls:mod.cls_blocks.1,classifier:mod.fc,residual_to_classifier,-0.17998988344334066,,,,,signed_hqql_tbl,B_Hqql_to_Tbl,0.17998988344334066,,,,,
residual_particle:mod.blocks.0,classifier:mod.fc,residual_to_classifier,-0.10409137059468776,,,,,signed_hqql_tbl,C_Tbl_correct,0.44207589654251933,,,,,
residual_particle:mod.blocks.1,classifier:mod.fc,residual_to_classifier,-0.1321589391445741,,,,,signed_hqql_tbl,A_Hqql_correct,0.3207775857299566,,,,,
residual_particle:mod.blocks.6,classifier:mod.fc,residual_to_classifier,0.14089002343825996,,,,,signed_hqql_tbl,A_Hqql_correct,0.1762842987664044,,,,,
residual_cls:mod.cls_blocks.1,classifier:mod.fc,residual_to_classifier,-0.14607328223064542,,,,,signed_hqql_tbl,D_Tbl_to_Hqql,0.14607328223064542,,,,,
residual_particle:mod.blocks.2,classifier:mod.fc,residual_to_classifier,-0.11688629692071117,,,,,signed_hqql_tbl,A_Hqql_correct,0.2567104655317962,,,,,
residual_particle:mod.blocks.0,classifier:mod.fc,residual_to_classifier,-0.014341650763526559,,,,,signed_hqql_tbl,B_Hqql_to_Tbl,0.6361277643591166,,,,,
residual_particle:mod.blocks.0,classifier:mod.fc,residual_to_classifier,-0.014341613976284862,,,,,B_tbl_minus_hqql,B_Hqql_to_Tbl,0.6361277922987938,,,,,
residual_particle:mod.blocks.0,classifier:mod.fc,residual_to_classifier,-0.03960225608898327,,,,,signed_hqql_tbl,D_Tbl_to_Hqql,0.5113816745579243,,,,,
residual_particle:mod.blocks.5,classifier:mod.fc,residual_to_classifier,-0.10538182011805475,,,,,signed_hqql_tbl,B_Hqql_to_Tbl,0.17918863147497177,,,,,
residual_particle:mod.blocks.5,classifier:mod.fc,residual_to_classifier,-0.10538181569427252,,,,,B_tbl_minus_hqql,B_Hqql_to_Tbl,0.17918863659724593,,,,,
residual_particle:mod.blocks.4,classifier:mod.fc,residual_to_classifier,-0.09938696655444801,,,,,B_tbl_minus_hqql,B_Hqql_to_Tbl,0.19809250254184008,,,,,
residual_particle:mod.blocks.4,classifier:mod.fc,residual_to_classifier,-0.09938695235177875,,,,,signed_hqql_tbl,B_Hqql_to_Tbl,0.19809249695390463,,,,,
residual_particle:mod.blocks.7,classifier:mod.fc,residual_to_classifier,0.09077645454090089,,,,,signed_hqql_tbl,D_Tbl_to_Hqql,0.2273761872202158,,,,,
residual_cls:mod.cls_blocks.0,classifier:mod.fc,residual_to_classifier,0.117750758305192,,,,,signed_hqql_tbl,D_Tbl_to_Hqql,0.11838665418326855,,,,,
residual_particle:mod.blocks.7,classifier:mod.fc,residual_to_classifier,-0.07181254005990922,,,,,signed_hqql_tbl,B_Hqql_to_Tbl,0.2425439991056919,,,,,
residual_particle:mod.blocks.7,classifier:mod.fc,residual_to_classifier,-0.07181253749877214,,,,,B_tbl_minus_hqql,B_Hqql_to_Tbl,0.2425440065562725,,,,,
residual_particle:mod.blocks.2,classifier:mod.fc,residual_to_classifier,-0.07147120410809293,,,,,signed_hqql_tbl,D_Tbl_to_Hqql,0.2351139634847641,,,,,
residual_particle:mod.blocks.5,classifier:mod.fc,residual_to_classifier,0.08878876730159391,,,,,signed_hqql_tbl,D_Tbl_to_Hqql,0.13666380057111382,,,,,
residual_particle:mod.blocks.5,classifier:mod.fc,residual_to_classifier,-0.07317151775350794,,,,,signed_hqql_tbl,C_Tbl_correct,0.14823091216385365,,,,,
residual_particle:mod.blocks.4,classifier:mod.fc,residual_to_classifier,-0.06505633180495352,,,,,signed_hqql_tbl,C_Tbl_correct,0.1693962214048952,,,,,
residual_particle:mod.blocks.3,classifier:mod.fc,residual_to_classifier,-0.05342001510143746,,,,,signed_hqql_tbl,A_Hqql_correct,0.2113549392670393,,,,,
residual_particle:mod.blocks.1,classifier:mod.fc,residual_to_classifier,-0.0437782341032289,,,,,signed_hqql_tbl,C_Tbl_correct,0.24564325530081987,,,,,
residual_particle:mod.blocks.6,classifier:mod.fc,residual_to_classifier,0.06587139802286401,,,,,signed_hqql_tbl,D_Tbl_to_Hqql,0.13775808783248067,,,,,
residual_particle:mod.blocks.4,classifier:mod.fc,residual_to_classifier,0.05162152973935008,,,,,signed_hqql_tbl,D_Tbl_to_Hqql,0.16945053404197097,,,,,
residual_particle:mod.blocks.1,classifier:mod.fc,residual_to_classifier,-0.016049043682869524,,,,,signed_hqql_tbl,D_Tbl_to_Hqql,0.2860152404755354,,,,,
residual_particle:mod.blocks.1,classifier:mod.fc,residual_to_classifier,0.0015196965832728893,,,,,B_tbl_minus_hqql,B_Hqql_to_Tbl,0.31547281704843044,,,,,
residual_particle:mod.blocks.1,classifier:mod.fc,residual_to_classifier,0.0015196733002085239,,,,,signed_hqql_tbl,B_Hqql_to_Tbl,0.3154728012159467,,,,,
residual_particle:mod.blocks.5,classifier:mod.fc,residual_to_classifier,0.03522366582183167,,,,,signed_hqql_tbl,A_Hqql_correct,0.1539692198857665,,,,,
residual_particle:mod.blocks.2,classifier:mod.fc,residual_to_classifier,0.01748645375482738,,,,,signed_hqql_tbl,B_Hqql_to_Tbl,0.22181783989071846,,,,,
residual_particle:mod.blocks.2,classifier:mod.fc,residual_to_classifier,0.017486450145952404,,,,,B_tbl_minus_hqql,B_Hqql_to_Tbl,0.2218178454786539,,,,,
residual_particle:mod.blocks.3,classifier:mod.fc,residual_to_classifier,-0.01961644651601091,,,,,signed_hqql_tbl,D_Tbl_to_Hqql,0.19247725512832403,,,,,
residual_particle:mod.blocks.6,classifier:mod.fc,residual_to_classifier,-0.02724451816175133,,,,,signed_hqql_tbl,B_Hqql_to_Tbl,0.15990434307605028,,,,,
residual_particle:mod.blocks.6,classifier:mod.fc,residual_to_classifier,-0.02724450285313651,,,,,B_tbl_minus_hqql,B_Hqql_to_Tbl,0.15990434819832444,,,,,
residual_particle:mod.blocks.3,classifier:mod.fc,residual_to_classifier,-0.019658457080367953,,,,,signed_hqql_tbl,C_Tbl_correct,0.1544653547462076,,,,,
residual_particle:mod.blocks.7,classifier:mod.fc,residual_to_classifier,0.005220159888267517,,,,,signed_hqql_tbl,C_Tbl_correct,0.19498097570613027,,,,,
residual_particle:mod.blocks.6,classifier:mod.fc,residual_to_classifier,-0.02048865146934986,,,,,signed_hqql_tbl,C_Tbl_correct,0.13044973812066019,,,,,
residual_particle:mod.blocks.3,classifier:mod.fc,residual_to_classifier,-0.0015871409850660712,,,,,signed_hqql_tbl,B_Hqql_to_Tbl,0.20330692268908024,,,,,
residual_particle:mod.blocks.3,classifier:mod.fc,residual_to_classifier,-0.0015871275390964001,,,,,B_tbl_minus_hqql,B_Hqql_to_Tbl,0.20330692222341895,,,,,
residual_particle:mod.blocks.2,classifier:mod.fc,residual_to_classifier,-0.0049047935754060745,,,,,signed_hqql_tbl,C_Tbl_correct,0.18868421972729266,,,,,
residual_particle:mod.blocks.4,classifier:mod.fc,residual_to_classifier,-0.0035362259368412197,,,,,signed_hqql_tbl,A_Hqql_correct,0.1895377477630973,,,,,
attention_pair:mod.cls_blocks.0.attn.h4|photon<-neutral_hadron,residual_block:mod.cls_blocks.0,validated_pair_to_residual,0.7533208690583706,,,,,,,,0.0,up,0,0.6880465392023325,
attention_pair:mod.cls_blocks.0.attn.h4|photon<-charged_hadron,residual_block:mod.cls_blocks.0,validated_pair_to_residual,0.7186132930219173,,,,,,,,0.0,up,0,0.29278126638382673,
attention_pair:mod.cls_blocks.0.attn.h4|neutral_hadron<-charged_hadron,residual_block:mod.cls_blocks.0,validated_pair_to_residual,-0.30000678822398186,,,,,,,,0.0,down,0,0.25250183418393135,
attention_pair:mod.cls_blocks.0.attn.h4|photon<-neutral_hadron,residual_block:mod.cls_blocks.0,validated_pair_to_residual,-0.19820289686322212,,,,,,,,0.0,down,0,0.1513457242399454,
attention_pair:mod.cls_blocks.0.attn.h4|photon<-charged_hadron,residual_block:mod.cls_blocks.0,validated_pair_to_residual,-0.44411981478333473,,,,,,,,0.0,down,0,0.11471322365105152,
attention_pair:mod.cls_blocks.0.attn.h1|photon<-neutral_hadron,residual_block:mod.cls_blocks.0,validated_pair_to_residual,-0.027439851313829422,,,,,,,,0.0,down,0,0.0199704859405756,
attention_pair:mod.cls_blocks.0.attn.h1|photon<-neutral_hadron,residual_block:mod.cls_blocks.0,validated_pair_to_residual,0.09230079129338264,,,,,,,,0.0,up,0,0.01280569564551115,
attention_pair:mod.cls_blocks.1.attn.h2|charged_hadron<-CLS,residual_block:mod.cls_blocks.1,validated_pair_to_residual,-7.82310962677002e-08,,,,,,,,0.0,down,0,-2.421438694000244e-08,
attention_pair:mod.cls_blocks.0.attn.h4|photon<-CLS,residual_block:mod.cls_blocks.0,validated_pair_to_residual,-7.82310962677002e-08,,,,,,,,0.0,up,0,-2.421438694000244e-08,
attention_pair:mod.cls_blocks.0.attn.h4|CLS<-CLS,residual_block:mod.cls_blocks.0,validated_pair_to_residual,-7.82310962677002e-08,,,,,,,,0.0,up,0,-2.421438694000244e-08,
attention_pair:mod.cls_blocks.0.attn.h4|charged_hadron<-CLS,residual_block:mod.cls_blocks.0,validated_pair_to_residual,-7.82310962677002e-08,,,,,,,,0.0,up,0,-2.421438694000244e-08,
attention_pair:mod.cls_blocks.0.attn.h4|neutral_hadron<-charged_hadron,residual_block:mod.cls_blocks.0,validated_pair_to_residual,0.12925288453698158,,,,,,,,0.0,up,0,-0.15837221965193748,
residual_role:mod.cls_blocks.0|photon|C_Tbl_correct,residual_block:mod.cls_blocks.0,role_to_residual,0.5852665990591049,,,,,signed_hqql_tbl,C_Tbl_correct,,,,,,
residual_role:mod.cls_blocks.0|charged_hadron|C_Tbl_correct,residual_block:mod.cls_blocks.0,role_to_residual,0.572577233115832,,,,,signed_hqql_tbl,C_Tbl_correct,,,,,,
residual_role:mod.cls_blocks.0|CLS|C_Tbl_correct,residual_block:mod.cls_blocks.0,role_to_residual,0.5415603285655379,,,,,signed_hqql_tbl,C_Tbl_correct,,,,,,
residual_role:mod.cls_blocks.1|photon|C_Tbl_correct,residual_block:mod.cls_blocks.1,role_to_residual,-0.4817066967487335,,,,,signed_hqql_tbl,C_Tbl_correct,,,,,,
residual_role:mod.cls_blocks.1|charged_hadron|C_Tbl_correct,residual_block:mod.cls_blocks.1,role_to_residual,-0.47833653291066486,,,,,signed_hqql_tbl,C_Tbl_correct,,,,,,
residual_role:mod.cls_blocks.1|CLS|C_Tbl_correct,residual_block:mod.cls_blocks.1,role_to_residual,-0.4527528192847967,,,,,signed_hqql_tbl,C_Tbl_correct,,,,,,
residual_role:mod.cls_blocks.0|muon|C_Tbl_correct,residual_block:mod.cls_blocks.0,role_to_residual,0.369013249874115,,,,,signed_hqql_tbl,C_Tbl_correct,,,,,,
residual_role:mod.cls_blocks.1|muon|C_Tbl_correct,residual_block:mod.cls_blocks.1,role_to_residual,-0.3613743185997009,,,,,signed_hqql_tbl,C_Tbl_correct,,,,,,
residual_role:mod.cls_blocks.0|charged_hadron|A_Hqql_correct,residual_block:mod.cls_blocks.0,role_to_residual,0.3443254381418228,,,,,signed_hqql_tbl,A_Hqql_correct,,,,,,
residual_role:mod.cls_blocks.1|charged_hadron|A_Hqql_correct,residual_block:mod.cls_blocks.1,role_to_residual,-0.34020596742630005,,,,,signed_hqql_tbl,A_Hqql_correct,,,,,,
residual_role:mod.cls_blocks.1|muon|A_Hqql_correct,residual_block:mod.cls_blocks.1,role_to_residual,-0.2900664210319519,,,,,signed_hqql_tbl,A_Hqql_correct,,,,,,
residual_role:mod.cls_blocks.0|muon|A_Hqql_correct,residual_block:mod.cls_blocks.0,role_to_residual,0.2740458548069,,,,,signed_hqql_tbl,A_Hqql_correct,,,,,,
residual_role:mod.cls_blocks.1|CLS|A_Hqql_correct,residual_block:mod.cls_blocks.1,role_to_residual,-0.2697971500456333,,,,,signed_hqql_tbl,A_Hqql_correct,,,,,,
residual_role:mod.cls_blocks.0|neutral_hadron|B_Hqql_to_Tbl,residual_block:mod.cls_blocks.0,role_to_residual,0.2567964904010296,,,,,B_tbl_minus_hqql,B_Hqql_to_Tbl,,,,,,
residual_role:mod.cls_blocks.0|neutral_hadron|B_Hqql_to_Tbl,residual_block:mod.cls_blocks.0,role_to_residual,0.2567964717745781,,,,,signed_hqql_tbl,B_Hqql_to_Tbl,,,,,,
residual_role:mod.cls_blocks.1|photon|A_Hqql_correct,residual_block:mod.cls_blocks.1,role_to_residual,-0.2503100037574768,,,,,signed_hqql_tbl,A_Hqql_correct,,,,,,
residual_role:mod.cls_blocks.0|charged_hadron|B_Hqql_to_Tbl,residual_block:mod.cls_blocks.0,role_to_residual,0.24270458993586627,,,,,signed_hqql_tbl,B_Hqql_to_Tbl,,,,,,
residual_role:mod.cls_blocks.0|charged_hadron|B_Hqql_to_Tbl,residual_block:mod.cls_blocks.0,role_to_residual,0.24270457097075201,,,,,B_tbl_minus_hqql,B_Hqql_to_Tbl,,,,,,
residual_role:mod.cls_blocks.0|CLS|A_Hqql_correct,residual_block:mod.cls_blocks.0,role_to_residual,0.24187222681939602,,,,,signed_hqql_tbl,A_Hqql_correct,,,,,,
residual_role:mod.cls_blocks.1|neutral_hadron|A_Hqql_correct,residual_block:mod.cls_blocks.1,role_to_residual,-0.23280081748962403,,,,,signed_hqql_tbl,A_Hqql_correct,,,,,,
residual_role:mod.cls_blocks.0|photon|A_Hqql_correct,residual_block:mod.cls_blocks.0,role_to_residual,0.2312475691239039,,,,,signed_hqql_tbl,A_Hqql_correct,,,,,,
residual_role:mod.cls_blocks.0|CLS|B_Hqql_to_Tbl,residual_block:mod.cls_blocks.0,role_to_residual,0.21947127161547542,,,,,signed_hqql_tbl,B_Hqql_to_Tbl,,,,,,
residual_role:mod.cls_blocks.0|CLS|B_Hqql_to_Tbl,residual_block:mod.cls_blocks.0,role_to_residual,0.21947125531733036,,,,,B_tbl_minus_hqql,B_Hqql_to_Tbl,,,,,,
residual_role:mod.cls_blocks.0|neutral_hadron|C_Tbl_correct,residual_block:mod.cls_blocks.0,role_to_residual,0.2164239138364792,,,,,signed_hqql_tbl,C_Tbl_correct,,,,,,
residual_role:mod.cls_blocks.1|charged_hadron|B_Hqql_to_Tbl,residual_block:mod.cls_blocks.1,role_to_residual,-0.2066611915149472,,,,,B_tbl_minus_hqql,B_Hqql_to_Tbl,,,,,,
residual_role:mod.cls_blocks.1|charged_hadron|B_Hqql_to_Tbl,residual_block:mod.cls_blocks.1,role_to_residual,-0.20666113732890648,,,,,signed_hqql_tbl,B_Hqql_to_Tbl,,,,,,
residual_role:mod.cls_blocks.1|neutral_hadron|B_Hqql_to_Tbl,residual_block:mod.cls_blocks.1,role_to_residual,-0.1926894187927246,,,,,signed_hqql_tbl,B_Hqql_to_Tbl,,,,,,
residual_role:mod.cls_blocks.1|neutral_hadron|B_Hqql_to_Tbl,residual_block:mod.cls_blocks.1,role_to_residual,-0.1926894187927246,,,,,B_tbl_minus_hqql,B_Hqql_to_Tbl,,,,,,
residual_role:mod.cls_blocks.1|photon|D_Tbl_to_Hqql,residual_block:mod.cls_blocks.1,role_to_residual,-0.18673029355704784,,,,,signed_hqql_tbl,D_Tbl_to_Hqql,,,,,,
residual_role:mod.cls_blocks.1|CLS|B_Hqql_to_Tbl,residual_block:mod.cls_blocks.1,role_to_residual,-0.17998992069624364,,,,,B_tbl_minus_hqql,B_Hqql_to_Tbl,,,,,,
residual_role:mod.cls_blocks.1|CLS|B_Hqql_to_Tbl,residual_block:mod.cls_blocks.1,role_to_residual,-0.17998988344334066,,,,,signed_hqql_tbl,B_Hqql_to_Tbl,,,,,,
residual_role:mod.cls_blocks.1|neutral_hadron|C_Tbl_correct,residual_block:mod.cls_blocks.1,role_to_residual,-0.16910851001739502,,,,,signed_hqql_tbl,C_Tbl_correct,,,,,,
residual_role:mod.cls_blocks.0|neutral_hadron|A_Hqql_correct,residual_block:mod.cls_blocks.0,role_to_residual,0.16622452139854432,,,,,signed_hqql_tbl,A_Hqql_correct,,,,,,
residual_role:mod.cls_blocks.0|photon|D_Tbl_to_Hqql,residual_block:mod.cls_blocks.0,role_to_residual,0.15874353982508183,,,,,signed_hqql_tbl,D_Tbl_to_Hqql,,,,,,
residual_role:mod.cls_blocks.1|CLS|D_Tbl_to_Hqql,residual_block:mod.cls_blocks.1,role_to_residual,-0.14607328223064542,,,,,signed_hqql_tbl,D_Tbl_to_Hqql,,,,,,
residual_role:mod.blocks.0|muon|A_Hqql_correct,residual_block:mod.blocks.0,role_to_residual,-0.14552834630012512,,,,,signed_hqql_tbl,A_Hqql_correct,,,,,,
residual_role:mod.cls_blocks.1|charged_hadron|D_Tbl_to_Hqql,residual_block:mod.cls_blocks.1,role_to_residual,-0.12226585894823075,,,,,signed_hqql_tbl,D_Tbl_to_Hqql,,,,,,
residual_role:mod.cls_blocks.0|CLS|D_Tbl_to_Hqql,residual_block:mod.cls_blocks.0,role_to_residual,0.117750758305192,,,,,signed_hqql_tbl,D_Tbl_to_Hqql,,,,,,
residual_role:mod.cls_blocks.0|photon|B_Hqql_to_Tbl,residual_block:mod.cls_blocks.0,role_to_residual,0.10939897100130717,,,,,signed_hqql_tbl,B_Hqql_to_Tbl,,,,,,
residual_role:mod.cls_blocks.0|photon|B_Hqql_to_Tbl,residual_block:mod.cls_blocks.0,role_to_residual,0.10939894119898479,,,,,B_tbl_minus_hqql,B_Hqql_to_Tbl,,,,,,
residual_role:mod.blocks.0|muon|B_Hqql_to_Tbl,residual_block:mod.blocks.0,role_to_residual,-0.10773998498916626,,,,,B_tbl_minus_hqql,B_Hqql_to_Tbl,,,,,,
residual_role:mod.blocks.0|muon|B_Hqql_to_Tbl,residual_block:mod.blocks.0,role_to_residual,-0.10773994028568268,,,,,signed_hqql_tbl,B_Hqql_to_Tbl,,,,,,
residual_role:mod.blocks.1|muon|A_Hqql_correct,residual_block:mod.blocks.1,role_to_residual,-0.10580119374208152,,,,,signed_hqql_tbl,A_Hqql_correct,,,,,,
residual_role:mod.cls_blocks.0|charged_hadron|D_Tbl_to_Hqql,residual_block:mod.cls_blocks.0,role_to_residual,0.08139868378639221,,,,,signed_hqql_tbl,D_Tbl_to_Hqql,,,,,,
residual_role:mod.cls_blocks.1|neutral_hadron|D_Tbl_to_Hqql,residual_block:mod.cls_blocks.1,role_to_residual,-0.0781555026769638,,,,,signed_hqql_tbl,D_Tbl_to_Hqql,,,,,,
residual_role:mod.cls_blocks.1|electron|D_Tbl_to_Hqql,residual_block:mod.cls_blocks.1,role_to_residual,-0.07568986713886261,,,,,signed_hqql_tbl,D_Tbl_to_Hqql,,,,,,
residual_role:mod.cls_blocks.1|photon|B_Hqql_to_Tbl,residual_block:mod.cls_blocks.1,role_to_residual,-0.07372892896334331,,,,,signed_hqql_tbl,B_Hqql_to_Tbl,,,,,,
residual_role:mod.cls_blocks.1|photon|B_Hqql_to_Tbl,residual_block:mod.cls_blocks.1,role_to_residual,-0.07372892896334331,,,,,B_tbl_minus_hqql,B_Hqql_to_Tbl,,,,,,
residual_role:mod.cls_blocks.0|neutral_hadron|D_Tbl_to_Hqql,residual_block:mod.cls_blocks.0,role_to_residual,0.07094687223434448,,,,,signed_hqql_tbl,D_Tbl_to_Hqql,,,,,,
residual_role:mod.cls_blocks.0|electron|D_Tbl_to_Hqql,residual_block:mod.cls_blocks.0,role_to_residual,0.06517665088176727,,,,,signed_hqql_tbl,D_Tbl_to_Hqql,,,,,,
residual_role:mod.blocks.0|muon|C_Tbl_correct,residual_block:mod.blocks.0,role_to_residual,-0.05779357999563217,,,,,signed_hqql_tbl,C_Tbl_correct,,,,,,
residual_role:mod.blocks.2|muon|A_Hqql_correct,residual_block:mod.blocks.2,role_to_residual,-0.05324664432555437,,,,,signed_hqql_tbl,A_Hqql_correct,,,,,,
residual_role:mod.blocks.5|muon|A_Hqql_correct,residual_block:mod.blocks.5,role_to_residual,-0.04527640528976917,,,,,signed_hqql_tbl,A_Hqql_correct,,,,,,
residual_role:mod.blocks.3|electron|A_Hqql_correct,residual_block:mod.blocks.3,role_to_residual,-0.03951960691483691,,,,,signed_hqql_tbl,A_Hqql_correct,,,,,,
residual_role:mod.blocks.3|muon|A_Hqql_correct,residual_block:mod.blocks.3,role_to_residual,-0.03969034878537059,,,,,signed_hqql_tbl,A_Hqql_correct,,,,,,
residual_role:mod.blocks.1|muon|B_Hqql_to_Tbl,residual_block:mod.blocks.1,role_to_residual,-0.038948941975831985,,,,,B_tbl_minus_hqql,B_Hqql_to_Tbl,,,,,,
residual_role:mod.blocks.1|muon|B_Hqql_to_Tbl,residual_block:mod.blocks.1,role_to_residual,-0.0389489009976387,,,,,signed_hqql_tbl,B_Hqql_to_Tbl,,,,,,
residual_role:mod.blocks.7|electron|A_Hqql_correct,residual_block:mod.blocks.7,role_to_residual,0.038309606304392216,,,,,signed_hqql_tbl,A_Hqql_correct,,,,,,
residual_role:mod.blocks.2|electron|A_Hqql_correct,residual_block:mod.blocks.2,role_to_residual,-0.03825830668210983,,,,,signed_hqql_tbl,A_Hqql_correct,,,,,,
residual_role:mod.blocks.2|muon|B_Hqql_to_Tbl,residual_block:mod.blocks.2,role_to_residual,-0.03783916309475899,,,,,B_tbl_minus_hqql,B_Hqql_to_Tbl,,,,,,
residual_role:mod.blocks.2|muon|B_Hqql_to_Tbl,residual_block:mod.blocks.2,role_to_residual,-0.037839125841856,,,,,signed_hqql_tbl,B_Hqql_to_Tbl,,,,,,
residual_role:mod.blocks.7|muon|A_Hqql_correct,residual_block:mod.blocks.7,role_to_residual,0.037640825496055186,,,,,signed_hqql_tbl,A_Hqql_correct,,,,,,
residual_role:mod.blocks.5|muon|B_Hqql_to_Tbl,residual_block:mod.blocks.5,role_to_residual,-0.03303251415491104,,,,,B_tbl_minus_hqql,B_Hqql_to_Tbl,,,,,,
residual_role:mod.blocks.5|muon|B_Hqql_to_Tbl,residual_block:mod.blocks.5,role_to_residual,-0.033032506704330444,,,,,signed_hqql_tbl,B_Hqql_to_Tbl,,,,,,
residual_role:mod.blocks.1|muon|C_Tbl_correct,residual_block:mod.blocks.1,role_to_residual,-0.031700579449534416,,,,,signed_hqql_tbl,C_Tbl_correct,,,,,,
residual_role:mod.blocks.6|muon|B_Hqql_to_Tbl,residual_block:mod.blocks.6,role_to_residual,-0.0296662338078022,,,,,B_tbl_minus_hqql,B_Hqql_to_Tbl,,,,,,
residual_role:mod.blocks.6|muon|B_Hqql_to_Tbl,residual_block:mod.blocks.6,role_to_residual,-0.02966623194515705,,,,,signed_hqql_tbl,B_Hqql_to_Tbl,,,,,,
residual_role:mod.blocks.4|muon|C_Tbl_correct,residual_block:mod.blocks.4,role_to_residual,-0.026756197214126587,,,,,signed_hqql_tbl,C_Tbl_correct,,,,,,
residual_role:mod.blocks.5|muon|C_Tbl_correct,residual_block:mod.blocks.5,role_to_residual,-0.026148134842514992,,,,,signed_hqql_tbl,C_Tbl_correct,,,,,,
residual_role:mod.blocks.3|muon|C_Tbl_correct,residual_block:mod.blocks.3,role_to_residual,-0.025861704722046852,,,,,signed_hqql_tbl,C_Tbl_correct,,,,,,
residual_role:mod.blocks.4|muon|B_Hqql_to_Tbl,residual_block:mod.blocks.4,role_to_residual,-0.025245539844036102,,,,,signed_hqql_tbl,B_Hqql_to_Tbl,,,,,,
residual_role:mod.blocks.4|muon|B_Hqql_to_Tbl,residual_block:mod.blocks.4,role_to_residual,-0.02524552308022976,,,,,B_tbl_minus_hqql,B_Hqql_to_Tbl,,,,,,
residual_role:mod.blocks.4|electron|A_Hqql_correct,residual_block:mod.blocks.4,role_to_residual,-0.022903989546466618,,,,,signed_hqql_tbl,A_Hqql_correct,,,,,,
residual_role:mod.blocks.7|muon|C_Tbl_correct,residual_block:mod.blocks.7,role_to_residual,0.022243041545152664,,,,,signed_hqql_tbl,C_Tbl_correct,,,,,,
residual_role:mod.blocks.5|electron|A_Hqql_correct,residual_block:mod.blocks.5,role_to_residual,-0.021302953141275793,,,,,signed_hqql_tbl,A_Hqql_correct,,,,,,
residual_role:mod.blocks.0|electron|A_Hqql_correct,residual_block:mod.blocks.0,role_to_residual,0.017022831737995146,,,,,signed_hqql_tbl,A_Hqql_correct,,,,,,
residual_role:mod.blocks.7|muon|B_Hqql_to_Tbl,residual_block:mod.blocks.7,role_to_residual,0.019166037440299988,,,,,B_tbl_minus_hqql,B_Hqql_to_Tbl,,,,,,
residual_role:mod.blocks.7|muon|B_Hqql_to_Tbl,residual_block:mod.blocks.7,role_to_residual,0.019166018813848495,,,,,signed_hqql_tbl,B_Hqql_to_Tbl,,,,,,
residual_role:mod.blocks.4|muon|A_Hqql_correct,residual_block:mod.blocks.4,role_to_residual,-0.018944535753689706,,,,,signed_hqql_tbl,A_Hqql_correct,,,,,,
residual_role:mod.blocks.1|electron|B_Hqql_to_Tbl,residual_block:mod.blocks.1,role_to_residual,0.016042674193158746,,,,,signed_hqql_tbl,B_Hqql_to_Tbl,,,,,,
classifier:mod.fc,classifier_activation_dim:fc_input_dim_2,classifier_dim_observed,0.6819148436188698,,,,,,B_Hqql_to_Tbl,,,,,,output
classifier:mod.fc,classifier_activation_dim:fc_input_dim_2,classifier_dim_observed,0.6819148436188698,,,,,,B_Hqql_to_Tbl,,,,,,output
classifier:mod.fc,classifier_activation_dim:fc_input_dim_2,classifier_dim_observed,0.6819148063659668,,,,,,B_Hqql_to_Tbl,,,,,,output
classifier:mod.fc,classifier_activation_dim:fc_input_dim_2,classifier_dim_observed,0.6819148063659668,,,,,,B_Hqql_to_Tbl,,,,,,output
classifier:mod.fc,classifier_activation_dim:fc_input_dim_79,classifier_dim_observed,0.6139716152101755,,,,,,B_Hqql_to_Tbl,,,,,,input
classifier:mod.fc,classifier_activation_dim:fc_input_dim_79,classifier_dim_observed,0.6139716152101755,,,,,,B_Hqql_to_Tbl,,,,,,input
classifier:mod.fc,classifier_activation_dim:fc_input_dim_79,classifier_dim_observed,0.613971596583724,,,,,,B_Hqql_to_Tbl,,,,,,input
classifier:mod.fc,classifier_activation_dim:fc_input_dim_79,classifier_dim_observed,0.613971596583724,,,,,,B_Hqql_to_Tbl,,,,,,input
classifier:mod.fc,classifier_activation_dim:fc_input_dim_6,classifier_dim_observed,-0.17638900387100875,,,,,,B_Hqql_to_Tbl,,,,,,output
classifier:mod.fc,classifier_activation_dim:fc_input_dim_6,classifier_dim_observed,-0.17638900387100875,,,,,,B_Hqql_to_Tbl,,,,,,output
classifier:mod.fc,classifier_activation_dim:fc_input_dim_6,classifier_dim_observed,-0.17638897034339607,,,,,,B_Hqql_to_Tbl,,,,,,output
classifier:mod.fc,classifier_activation_dim:fc_input_dim_6,classifier_dim_observed,-0.17638897034339607,,,,,,B_Hqql_to_Tbl,,,,,,output
classifier:mod.fc,classifier_activation_dim:fc_input_dim_8,classifier_dim_observed,-0.09663824525972207,,,,,,B_Hqql_to_Tbl,,,,,,input
classifier:mod.fc,classifier_activation_dim:fc_input_dim_8,classifier_dim_observed,-0.09663824525972207,,,,,,B_Hqql_to_Tbl,,,,,,input
classifier:mod.fc,classifier_activation_dim:fc_input_dim_8,classifier_dim_observed,-0.09663823135197162,,,,,,B_Hqql_to_Tbl,,,,,,input
classifier:mod.fc,classifier_activation_dim:fc_input_dim_8,classifier_dim_observed,-0.09663823135197162,,,,,,B_Hqql_to_Tbl,,,,,,input
classifier:mod.fc,classifier_activation_dim:fc_input_dim_76,classifier_dim_observed,0.11240098509006202,,,,,,B_Hqql_to_Tbl,,,,,,input
classifier:mod.fc,classifier_activation_dim:fc_input_dim_76,classifier_dim_observed,0.11240098509006202,,,,,,B_Hqql_to_Tbl,,,,,,input
classifier:mod.fc,classifier_activation_dim:fc_input_dim_76,classifier_dim_observed,0.11240098101552576,,,,,,B_Hqql_to_Tbl,,,,,,input
classifier:mod.fc,classifier_activation_dim:fc_input_dim_76,classifier_dim_observed,0.11240098101552576,,,,,,B_Hqql_to_Tbl,,,,,,input
classifier:mod.fc,classifier_activation_dim:fc_input_dim_103,classifier_dim_observed,-0.09698064848780633,,,,,,B_Hqql_to_Tbl,,,,,,input
classifier:mod.fc,classifier_activation_dim:fc_input_dim_103,classifier_dim_observed,-0.09698064848780633,,,,,,B_Hqql_to_Tbl,,,,,,input
classifier:mod.fc,classifier_activation_dim:fc_input_dim_103,classifier_dim_observed,-0.0969806395471096,,,,,,B_Hqql_to_Tbl,,,,,,input
classifier:mod.fc,classifier_activation_dim:fc_input_dim_103,classifier_dim_observed,-0.0969806395471096,,,,,,B_Hqql_to_Tbl,,,,,,input
classifier:mod.fc,classifier_activation_dim:fc_input_dim_57,classifier_dim_observed,0.06122157753755649,,,,,,B_Hqql_to_Tbl,,,,,,input
classifier:mod.fc,classifier_activation_dim:fc_input_dim_57,classifier_dim_observed,0.06122157753755649,,,,,,B_Hqql_to_Tbl,,,,,,input
classifier:mod.fc,classifier_activation_dim:fc_input_dim_57,classifier_dim_observed,0.061221575597301126,,,,,,B_Hqql_to_Tbl,,,,,,input
classifier:mod.fc,classifier_activation_dim:fc_input_dim_57,classifier_dim_observed,0.061221575597301126,,,,,,B_Hqql_to_Tbl,,,,,,input
classifier:mod.fc,classifier_activation_dim:fc_input_dim_66,classifier_dim_observed,-0.059668657214691244,,,,,,B_Hqql_to_Tbl,,,,,,input
classifier:mod.fc,classifier_activation_dim:fc_input_dim_66,classifier_dim_observed,-0.059668657214691244,,,,,,B_Hqql_to_Tbl,,,,,,input
classifier:mod.fc,classifier_activation_dim:fc_input_dim_66,classifier_dim_observed,-0.05966865597292781,,,,,,B_Hqql_to_Tbl,,,,,,input
classifier:mod.fc,classifier_activation_dim:fc_input_dim_66,classifier_dim_observed,-0.05966865597292781,,,,,,B_Hqql_to_Tbl,,,,,,input
classifier:mod.fc,classifier_activation_dim:fc_input_dim_10,classifier_dim_observed,0.03562138229608536,,,,,,B_Hqql_to_Tbl,,,,,,input
classifier:mod.fc,classifier_activation_dim:fc_input_dim_10,classifier_dim_observed,0.03562138229608536,,,,,,B_Hqql_to_Tbl,,,,,,input
classifier:mod.fc,classifier_activation_dim:fc_input_dim_10,classifier_dim_observed,0.03562138328949611,,,,,,B_Hqql_to_Tbl,,,,,,input
classifier:mod.fc,classifier_activation_dim:fc_input_dim_10,classifier_dim_observed,0.03562138328949611,,,,,,B_Hqql_to_Tbl,,,,,,input
classifier:mod.fc,classifier_activation_dim:fc_input_dim_121,classifier_dim_observed,-0.022183551586100032,,,,,,B_Hqql_to_Tbl,,,,,,input
classifier:mod.fc,classifier_activation_dim:fc_input_dim_121,classifier_dim_observed,-0.022183551586100032,,,,,,B_Hqql_to_Tbl,,,,,,input
classifier:mod.fc,classifier_activation_dim:fc_input_dim_121,classifier_dim_observed,-0.022183544667703763,,,,,,B_Hqql_to_Tbl,,,,,,input
classifier:mod.fc,classifier_activation_dim:fc_input_dim_121,classifier_dim_observed,-0.022183544667703763,,,,,,B_Hqql_to_Tbl,,,,,,input
