suite,text,source,target,ablate_head_target_A_rel,ablate_head_target_scores_rel,ablate_head_target_Y_rel,ablate_head_logit_rel,ablate_head_kl,ablate_head_top1_match,ablate_head_loss_delta,ablate_head_source_mode,ablate_head_head_A_rel,ablate_head_head_Y_delta_rel,replace_full_target_A_rel,replace_full_target_scores_rel,replace_full_target_Y_rel,replace_full_logit_rel,replace_full_kl,replace_full_top1_match,replace_full_loss_delta,replace_full_source_mode,replace_full_head_A_rel,replace_full_head_Y_delta_rel,term_patch_target_A_rel,term_patch_target_scores_rel,term_patch_target_Y_rel,term_patch_logit_rel,term_patch_kl,term_patch_top1_match,term_patch_loss_delta,term_patch_source_mode,term_patch_head_A_rel,term_patch_head_Y_delta_rel,target_Y_recovery_ratio,logit_recovery_ratio
code,Write a Python function that reverses a linked list.,3:6,4:8,0.022647753357887268,0.04132559522986412,0.09263192862272263,0.01749412529170513,0.005811713170260191,1.0,-0.009131193161010742,ablate_head,0.0,1.0,0.0,0.0,0.0,0.0,4.647918672162632e-08,1.0,0.0,replace_full,0.0,0.0,0.029981298372149467,0.06039426848292351,0.09366925805807114,0.03330175578594208,0.01893637143075466,1.0,0.0038957595825195312,term_patch,0.6397989988327026,1.1619672775268555,1.0,1.0
code,Implement binary search over a sorted list in Python.,3:6,4:8,0.011962518095970154,0.014006516896188259,0.04395633190870285,0.011801676824688911,0.0024060781579464674,1.0,0.0045680999755859375,ablate_head,0.0,1.0,0.0,0.0,0.0,0.0,6.41284998437186e-08,1.0,0.0,replace_full,0.0,0.0,0.049454446882009506,0.0497056245803833,0.13307371735572815,0.035753779113292694,0.022843409329652786,1.0,0.007503032684326172,term_patch,0.6924582123756409,2.405210256576538,1.0,1.0
code,Explain what this code does: for i in range(n): total += arr[i],3:6,4:8,0.009911585599184036,0.019639909267425537,0.05584608018398285,0.01854632794857025,0.009494123980402946,1.0,-0.008307695388793945,ablate_head,0.0,1.0,0.0,0.0,0.0,0.0,-2.86344800315419e-07,1.0,0.0,replace_full,0.0,0.0,0.03262357413768768,0.02159074693918228,0.1173933669924736,0.024320999160408974,0.01948089897632599,1.0,0.017972230911254883,term_patch,0.6930685043334961,1.0749963521957397,1.0,1.0
code,Find the bug in this Python code: def f(x): return x.append(1),3:6,4:8,0.02343177981674671,0.040372446179389954,0.05919468775391579,0.02338569425046444,0.019820351153612137,0.9411764740943909,-0.007191181182861328,ablate_head,0.0,1.0,0.0,0.0,0.0,0.0,-3.5467996895022225e-07,1.0,0.0,replace_full,0.0,0.0,0.04531155154109001,0.08014348149299622,0.11847392469644547,0.02906154841184616,0.022019166499376297,0.9411764740943909,0.006095170974731445,term_patch,0.7131311297416687,1.1796314716339111,1.0,1.0
math,"Solve: if 3x + 5 = 20, what is x?",3:6,4:8,0.024389656260609627,0.05040618032217026,0.11018934845924377,0.01608836092054844,0.011736714281141758,1.0,-0.004084110260009766,ablate_head,0.0,1.0,0.0,0.0,0.0,0.0,1.6239027900155634e-08,1.0,0.0,replace_full,0.0,0.0,0.06653279811143875,0.08147365599870682,0.19802556931972504,0.024537349119782448,0.01666484773159027,1.0,0.0026259422302246094,term_patch,0.7066344618797302,1.1161164045333862,1.0,1.0
math,Explain the derivative of sin(x) * exp(x).,3:6,4:8,0.024826662614941597,0.02765854261815548,0.08075939118862152,0.01650671474635601,0.006776020862162113,1.0,0.0031633377075195312,ablate_head,0.0,1.0,0.0,0.0,0.0,0.0,-2.601579467409465e-07,1.0,0.0,replace_full,0.0,0.0,0.06349983811378479,0.03168106824159622,0.1848069131374359,0.022813132032752037,0.017310503870248795,1.0,-0.03572440147399902,term_patch,0.6684333682060242,1.1206704378128052,1.0,1.0
math,What is the quadratic formula and when is it used?,3:6,4:8,0.03399636596441269,0.01793668605387211,0.08274247497320175,0.015448085032403469,0.004810055252164602,1.0,-0.00643610954284668,ablate_head,0.0,1.0,0.0,0.0,0.0,0.0,-1.0153746643482009e-07,1.0,0.0,replace_full,0.0,0.0,0.0585528165102005,0.04058835655450821,0.15020538866519928,0.029077671468257904,0.01822110451757908,1.0,-0.015306949615478516,term_patch,0.7102628946304321,1.8358365297317505,1.0,1.0
math,Simplify: (x + 2)^2 - x^2.,3:6,4:8,0.022692587226629257,0.04930631443858147,0.10747773200273514,0.021071728318929672,0.011146541684865952,1.0,-0.0016738176345825195,ablate_head,0.0,1.0,0.0,0.0,0.0,0.0,-1.8487719444237882e-07,1.0,0.0,replace_full,0.0,0.0,0.028904331848025322,0.0589553564786911,0.10853821039199829,0.022194987162947655,0.012993181124329567,1.0,0.012307047843933105,term_patch,0.6655321717262268,0.9198450446128845,1.0,1.0
text,Summarize why rivers are important for cities.,3:6,4:8,0.011369235813617706,0.017783381044864655,0.04315062239766121,0.012002618983387947,0.004508676938712597,1.0,0.001956939697265625,ablate_head,0.0,1.0,0.0,0.0,0.0,0.0,3.085443722739001e-07,1.0,0.0,replace_full,0.0,0.0,0.02844540774822235,0.04357108473777771,0.12764175236225128,0.0254448801279068,0.0057317647151649,1.0,-0.027538299560546875,term_patch,0.6315591931343079,1.1123613119125366,1.0,1.0
text,Explain the difference between a planet and a star.,3:6,4:8,0.02034226432442665,0.034529559314250946,0.07820113748311996,0.023377396166324615,0.011625255458056927,1.0,0.023471355438232422,ablate_head,0.0,1.0,0.0,0.0,0.0,0.0,-2.690470637389808e-07,1.0,0.0,replace_full,0.0,0.0,0.07584594935178757,0.032127268612384796,0.20755688846111298,0.01945040374994278,0.013284023851156235,1.0,-0.02452850341796875,term_patch,0.6436781883239746,1.0390585660934448,1.0,1.0
text,Describe how plants grow from seeds.,3:6,4:8,0.012499376200139523,0.01650319993495941,0.055960800498723984,0.011713228188455105,0.004339355509728193,1.0,0.011075973510742188,ablate_head,0.0,1.0,0.0,0.0,0.0,0.0,1.6470119135192363e-07,1.0,0.0,replace_full,0.0,0.0,0.03110925294458866,0.03125082701444626,0.15123538672924042,0.018658751621842384,0.007592030335217714,1.0,-0.025571107864379883,term_patch,0.6361084580421448,1.90470290184021,1.0,1.0
text,Write a calm paragraph about ocean waves.,3:6,4:8,0.019305339083075523,0.040930867195129395,0.06638464331626892,0.015512255020439625,0.010349608957767487,1.0,0.008190631866455078,ablate_head,0.0,1.0,0.0,0.0,0.0,0.0,-1.2770419743901584e-07,1.0,0.0,replace_full,0.0,0.0,0.04837684705853462,0.060768645256757736,0.14471577107906342,0.027916844934225082,0.02030862867832184,1.0,0.008442401885986328,term_patch,0.6247550845146179,1.0878487825393677,1.0,1.0
symbols,"JSON: {""name"": ""Alice"", ""score"": 42, ""ok"": true}",3:6,4:8,0.010682371445000172,0.024082036688923836,0.04628889635205269,0.015162796713411808,0.01248329970985651,1.0,-0.0011260509490966797,ablate_head,0.0,1.0,0.0,0.0,0.0,0.0,-1.7625754367145419e-07,1.0,0.0,replace_full,0.0,0.0,0.02007574774324894,0.04993550106883049,0.0780920460820198,0.03797160089015961,0.05591333657503128,1.0,0.010972976684570312,term_patch,0.7316303849220276,1.2186256647109985,1.0,1.0
symbols,Path: /home/user/project/src/main.py --flag=true,3:6,4:8,0.008334367536008358,0.012427063658833504,0.03413637727499008,0.02188814803957939,0.027111388742923737,1.0,0.005852699279785156,ablate_head,0.0,1.0,0.0,0.0,0.0,0.0,-1.2945133676112164e-07,1.0,0.0,replace_full,0.0,0.0,0.011588175781071186,0.04018361493945122,0.05157366022467613,0.0529523640871048,0.10398024320602417,1.0,-0.06953096389770508,term_patch,0.7077823877334595,1.68901526927948,1.0,1.0
symbols,"Array: [1, 1, 2, 3, 5, 8, 13, 21]",3:6,4:8,0.03836171701550484,0.035077374428510666,0.11170577257871628,0.02067488804459572,0.009274205192923546,1.0,0.0052841901779174805,ablate_head,0.0,1.0,0.0,0.0,0.0,0.0,-7.908042931603632e-08,1.0,0.0,replace_full,0.0,0.0,0.0818432942032814,0.12068313360214233,0.28943362832069397,0.04278506711125374,0.019187945872545242,1.0,-0.008984088897705078,term_patch,0.8409494757652283,2.1516153812408447,1.0,1.0
symbols,Equation: f(x)=sin(x)+cos(2x)-log(x+1),3:6,4:8,0.02871265448629856,0.07093638926744461,0.09112110733985901,0.013628597371280193,0.005490104667842388,1.0,-0.006398677825927734,ablate_head,0.0,1.0,0.0,0.0,0.0,0.0,1.8860749406712785e-08,1.0,0.0,replace_full,0.0,0.0,0.029688313603401184,0.07711458206176758,0.09716932475566864,0.0331253781914711,0.0747436136007309,0.9444444179534912,0.006855010986328125,term_patch,0.7128674983978271,1.1940451860427856,1.0,1.0
