signal_id,source,class_pair,status,score,reason,recommended_next_action,claim_level
feature::label_Hcc->label_Hgg::n_particles,FEATURE_RANKER_V1,label_Hcc->label_Hgg,CANDIDATE,407.192382389475,"feature=n_particles, effect=1.838, monotonic_ratio=50.009",run deep probe / patch if physics meaning is plausible,1
feature::label_Hcc->label_Hgg::pred_conf,FEATURE_RANKER_V1,label_Hcc->label_Hgg,CANDIDATE,99.9429766712983,"feature=pred_conf, effect=-1.181, monotonic_ratio=19.093",run deep probe / patch if physics meaning is plausible,1
feature::label_Hcc->label_Hgg::knn_pt_mean,FEATURE_RANKER_V1,label_Hcc->label_Hgg,CANDIDATE,58.93523353930326,"feature=knn_pt_mean, effect=-1.073, monotonic_ratio=12.394",run deep probe / patch if physics meaning is plausible,1
feature::label_Hcc->label_Hgg::knn_pt_sum,FEATURE_RANKER_V1,label_Hcc->label_Hgg,CANDIDATE,58.62180807870973,"feature=knn_pt_sum, effect=-1.068, monotonic_ratio=12.394",run deep probe / patch if physics meaning is plausible,1
feature::label_Hcc->label_Hgg::p0_iso_pt_ratio,FEATURE_RANKER_V1,label_Hcc->label_Hgg,CANDIDATE,40.29597665411597,"feature=p0_iso_pt_ratio, effect=0.653, monotonic_ratio=13.932",run deep probe / patch if physics meaning is plausible,1
feature::label_Hcc->label_Hgg::best_lepton_pt,FEATURE_RANKER_V1,label_Hcc->label_Hgg,CANDIDATE,23.51599379393249,"feature=best_lepton_pt, effect=-0.524, monotonic_ratio=10.137",run deep probe / patch if physics meaning is plausible,1
feature::label_Hcc->label_Hgg::leading_pt_fraction,FEATURE_RANKER_V1,label_Hcc->label_Hgg,CANDIDATE,16.542643627677407,"feature=leading_pt_fraction, effect=-0.656, monotonic_ratio=5.694",run deep probe / patch if physics meaning is plausible,1
feature::label_Hcc->label_Hgg::best_lepton_iso_pt_ratio,FEATURE_RANKER_V1,label_Hcc->label_Hgg,CANDIDATE,11.979756747257326,"feature=best_lepton_iso_pt_ratio, effect=-0.547, monotonic_ratio=4.944",run deep probe / patch if physics meaning is plausible,1
feature::label_Hbb->label_Hgg::n_particles,FEATURE_RANKER_V1,label_Hbb->label_Hgg,CANDIDATE,310.936077410212,"feature=n_particles, effect=1.354, monotonic_ratio=51.145",run deep probe / patch if physics meaning is plausible,1
feature::label_Hbb->label_Hgg::p0_best_lepton_deltaR,FEATURE_RANKER_V1,label_Hbb->label_Hgg,CANDIDATE,167.67416907087755,"feature=p0_best_lepton_deltaR, effect=1.072, monotonic_ratio=34.854",run deep probe / patch if physics meaning is plausible,1
feature::label_Hbb->label_Hgg::leading_pt_fraction,FEATURE_RANKER_V1,label_Hbb->label_Hgg,CANDIDATE,69.31792170989279,"feature=leading_pt_fraction, effect=-0.768, monotonic_ratio=20.098",run deep probe / patch if physics meaning is plausible,1
feature::label_Hbb->label_Hgg::best_lepton_pt,FEATURE_RANKER_V1,label_Hbb->label_Hgg,CANDIDATE,68.01631145284276,"feature=best_lepton_pt, effect=-0.876, monotonic_ratio=17.292",run deep probe / patch if physics meaning is plausible,1
feature::label_Hbb->label_Hgg::best_lepton_iso_pt_ratio,FEATURE_RANKER_V1,label_Hbb->label_Hgg,CANDIDATE,45.30378699804143,"feature=best_lepton_iso_pt_ratio, effect=-1.167, monotonic_ratio=8.646",run deep probe / patch if physics meaning is plausible,1
feature::label_Hbb->label_Hgg::knn_pt_mean,FEATURE_RANKER_V1,label_Hbb->label_Hgg,CANDIDATE,30.13823374177077,"feature=knn_pt_mean, effect=-0.703, monotonic_ratio=9.547",run deep probe / patch if physics meaning is plausible,1
feature::label_Hbb->label_Hgg::knn_pt_sum,FEATURE_RANKER_V1,label_Hbb->label_Hgg,CANDIDATE,26.481438575783283,"feature=knn_pt_sum, effect=-0.691, monotonic_ratio=8.542",run deep probe / patch if physics meaning is plausible,1
feature::label_Hbb->label_Hgg::has_lepton,FEATURE_RANKER_V1,label_Hbb->label_Hgg,CANDIDATE,25.725623461322833,"feature=has_lepton, effect=-1.072, monotonic_ratio=5.348",run deep probe / patch if physics meaning is plausible,1
feature::label_QCD->label_Hgg::pred_conf,FEATURE_RANKER_V1,label_QCD->label_Hgg,CANDIDATE,187.37800639154185,"feature=pred_conf, effect=-1.573, monotonic_ratio=28.137",run deep probe / patch if physics meaning is plausible,1
feature::label_QCD->label_Hgg::leading_pt_fraction,FEATURE_RANKER_V1,label_QCD->label_Hgg,CANDIDATE,52.48092139242405,"feature=leading_pt_fraction, effect=-1.028, monotonic_ratio=12.059",run deep probe / patch if physics meaning is plausible,1
feature::label_QCD->label_Hgg::p0_iso_pt_ratio,FEATURE_RANKER_V1,label_QCD->label_Hgg,CANDIDATE,37.86496072995399,"feature=p0_iso_pt_ratio, effect=0.843, monotonic_ratio=10.615",run deep probe / patch if physics meaning is plausible,1
feature::label_QCD->label_Hgg::p0_pt,FEATURE_RANKER_V1,label_QCD->label_Hgg,CANDIDATE,36.75135254112661,"feature=p0_pt, effect=-0.909, monotonic_ratio=9.547",run deep probe / patch if physics meaning is plausible,1
feature::label_QCD->label_Hgg::leading_pt,FEATURE_RANKER_V1,label_QCD->label_Hgg,CANDIDATE,36.75135254112661,"feature=leading_pt, effect=-0.909, monotonic_ratio=9.547",run deep probe / patch if physics meaning is plausible,1
feature::label_QCD->label_Hgg::knn_pt_max,FEATURE_RANKER_V1,label_QCD->label_Hgg,CANDIDATE,36.75135254112661,"feature=knn_pt_max, effect=-0.909, monotonic_ratio=9.547",run deep probe / patch if physics meaning is plausible,1
feature::label_QCD->label_Hgg::n_particles,FEATURE_RANKER_V1,label_QCD->label_Hgg,CANDIDATE,28.68468892591183,"feature=n_particles, effect=1.917, monotonic_ratio=3.533",run deep probe / patch if physics meaning is plausible,1
feature::label_QCD->label_Hgg::knn_pt_mean,FEATURE_RANKER_V1,label_QCD->label_Hgg,CANDIDATE,28.608596403485265,"feature=knn_pt_mean, effect=-1.207, monotonic_ratio=5.599",run deep probe / patch if physics meaning is plausible,1
feature::label_H4q->label_Hgg::n_particles,FEATURE_RANKER_V1,label_H4q->label_Hgg,CANDIDATE,166.38416823782399,"feature=n_particles, effect=1.249, monotonic_ratio=28.986",run deep probe / patch if physics meaning is plausible,1
feature::label_H4q->label_Hgg::pred_conf,FEATURE_RANKER_V1,label_H4q->label_Hgg,CANDIDATE,48.70189558787259,"feature=pred_conf, effect=-1.318, monotonic_ratio=8.039",run deep probe / patch if physics meaning is plausible,1
feature::label_H4q->label_Hgg::knn_pt_mean,FEATURE_RANKER_V1,label_H4q->label_Hgg,CANDIDATE,12.72263976640848,"feature=knn_pt_mean, effect=-0.603, monotonic_ratio=4.594",run deep probe / patch if physics meaning is plausible,1
feature::label_H4q->label_Hgg::knn_pt_sum,FEATURE_RANKER_V1,label_H4q->label_Hgg,CANDIDATE,11.67487621509726,"feature=knn_pt_sum, effect=-0.574, monotonic_ratio=4.429",run deep probe / patch if physics meaning is plausible,1
feature::label_H4q->label_Hgg::leading_pt_fraction,FEATURE_RANKER_V1,label_H4q->label_Hgg,CANDIDATE,11.673973910368415,"feature=leading_pt_fraction, effect=-0.484, monotonic_ratio=5.248",run deep probe / patch if physics meaning is plausible,1
feature::label_H4q->label_Hgg::p0_pt,FEATURE_RANKER_V1,label_H4q->label_Hgg,CANDIDATE,8.77876258841385,"feature=p0_pt, effect=-0.428, monotonic_ratio=4.466",run deep probe / patch if physics meaning is plausible,1
feature::label_H4q->label_Hgg::leading_pt,FEATURE_RANKER_V1,label_H4q->label_Hgg,CANDIDATE,8.77876258841385,"feature=leading_pt, effect=-0.428, monotonic_ratio=4.466",run deep probe / patch if physics meaning is plausible,1
feature::label_H4q->label_Hgg::knn_pt_max,FEATURE_RANKER_V1,label_H4q->label_Hgg,CANDIDATE,8.77876258841385,"feature=knn_pt_max, effect=-0.428, monotonic_ratio=4.466",run deep probe / patch if physics meaning is plausible,1
feature::label_Hcc->label_H4q::n_particles,FEATURE_RANKER_V1,label_Hcc->label_H4q,CANDIDATE,108.49421341833666,"feature=n_particles, effect=1.345, monotonic_ratio=18.402",run deep probe / patch if physics meaning is plausible,1
feature::label_Hcc->label_H4q::pred_conf,FEATURE_RANKER_V1,label_Hcc->label_H4q,CANDIDATE,32.57756134385634,"feature=pred_conf, effect=-0.955, monotonic_ratio=7.788",run deep probe / patch if physics meaning is plausible,1
feature::label_Hcc->label_H4q::knn_pt_mean,FEATURE_RANKER_V1,label_Hcc->label_H4q,CANDIDATE,28.227279577387552,"feature=knn_pt_mean, effect=-0.916, monotonic_ratio=7.034",run deep probe / patch if physics meaning is plausible,1
feature::label_Hcc->label_H4q::knn_pt_sum,FEATURE_RANKER_V1,label_Hcc->label_H4q,CANDIDATE,28.027832053563007,"feature=knn_pt_sum, effect=-0.914, monotonic_ratio=7.000",run deep probe / patch if physics meaning is plausible,1
feature::label_Hcc->label_H4q::p0_iso_pt_ratio,FEATURE_RANKER_V1,label_Hcc->label_H4q,CANDIDATE,8.69566965167171,"feature=p0_iso_pt_ratio, effect=0.537, monotonic_ratio=3.696",run deep probe / patch if physics meaning is plausible,1
feature::label_Hcc->label_H4q::p0_pt,FEATURE_RANKER_V1,label_Hcc->label_H4q,CANDIDATE,8.3504178400632,"feature=p0_pt, effect=-0.531, monotonic_ratio=3.589",run deep probe / patch if physics meaning is plausible,1
feature::label_Hcc->label_H4q::leading_pt,FEATURE_RANKER_V1,label_Hcc->label_H4q,CANDIDATE,8.3504178400632,"feature=leading_pt, effect=-0.531, monotonic_ratio=3.589",run deep probe / patch if physics meaning is plausible,1
feature::label_Hcc->label_H4q::knn_pt_max,FEATURE_RANKER_V1,label_Hcc->label_H4q,CANDIDATE,8.3504178400632,"feature=knn_pt_max, effect=-0.531, monotonic_ratio=3.589",run deep probe / patch if physics meaning is plausible,1
feature::label_Wqq->label_Zqq::pred_conf,FEATURE_RANKER_V1,label_Wqq->label_Zqq,CANDIDATE,76.75964840399588,"feature=pred_conf, effect=-1.015, monotonic_ratio=15.074",run deep probe / patch if physics meaning is plausible,1
feature::label_Wqq->label_Zqq::missing_pt_proxy,FEATURE_RANKER_V1,label_Wqq->label_Zqq,CANDIDATE,1.3833739421907574,"feature=missing_pt_proxy, effect=-0.160, monotonic_ratio=1.727",run deep probe / patch if physics meaning is plausible,1
feature::label_Wqq->label_Zqq::n_particles,FEATURE_RANKER_V1,label_Wqq->label_Zqq,CANDIDATE,1.2326562109275105,"feature=n_particles, effect=0.174, monotonic_ratio=1.415",run deep probe / patch if physics meaning is plausible,1
feature::label_Wqq->label_Zqq::p0_iso_pt_ratio,FEATURE_RANKER_V1,label_Wqq->label_Zqq,CANDIDATE,1.1771720345605525,"feature=p0_iso_pt_ratio, effect=0.161, monotonic_ratio=1.458",run deep probe / patch if physics meaning is plausible,1
feature::label_Wqq->label_Zqq::leading_pt_fraction,FEATURE_RANKER_V1,label_Wqq->label_Zqq,CANDIDATE,0.9147808169491458,"feature=leading_pt_fraction, effect=0.122, monotonic_ratio=1.500",run deep probe / patch if physics meaning is plausible,1
feature::label_Wqq->label_Zqq::p0_is_electron,FEATURE_RANKER_V1,label_Wqq->label_Zqq,CANDIDATE,0.5174942611519907,"feature=p0_is_electron, effect=-0.103, monotonic_ratio=1.000",run deep probe / patch if physics meaning is plausible,1
feature::label_Wqq->label_Zqq::leading_is_electron,FEATURE_RANKER_V1,label_Wqq->label_Zqq,CANDIDATE,0.5174942611519907,"feature=leading_is_electron, effect=-0.103, monotonic_ratio=1.000",run deep probe / patch if physics meaning is plausible,1
feature::label_Wqq->label_Zqq::p0_pt,FEATURE_RANKER_V1,label_Wqq->label_Zqq,CANDIDATE,0.4479622455979926,"feature=p0_pt, effect=0.058, monotonic_ratio=1.542",run deep probe / patch if physics meaning is plausible,1
feature::label_Hcc->label_Zqq::pred_conf,FEATURE_RANKER_V1,label_Hcc->label_Zqq,CANDIDATE,34.670809015982286,"feature=pred_conf, effect=-1.038, monotonic_ratio=8.542",run deep probe / patch if physics meaning is plausible,1
feature::label_Hcc->label_Zqq::n_particles,FEATURE_RANKER_V1,label_Hcc->label_Zqq,CANDIDATE,8.404459822291678,"feature=n_particles, effect=-0.289, monotonic_ratio=7.427",run deep probe / patch if physics meaning is plausible,1
feature::label_Hcc->label_Zqq::missing_pt_proxy,FEATURE_RANKER_V1,label_Hcc->label_Zqq,CANDIDATE,3.663373751346815,"feature=missing_pt_proxy, effect=-0.287, monotonic_ratio=3.266",run deep probe / patch if physics meaning is plausible,1
feature::label_Hcc->label_Zqq::knn_charged_hadron_frac,FEATURE_RANKER_V1,label_Hcc->label_Zqq,CANDIDATE,2.929381158417932,"feature=knn_charged_hadron_frac, effect=0.178, monotonic_ratio=4.209",run deep probe / patch if physics meaning is plausible,1
feature::label_Hcc->label_Zqq::p0_best_lepton_deltaR,FEATURE_RANKER_V1,label_Hcc->label_Zqq,CANDIDATE,2.669921391036905,"feature=p0_best_lepton_deltaR, effect=0.324, monotonic_ratio=2.107",run deep probe / patch if physics meaning is plausible,1
feature::label_Hcc->label_Zqq::has_lepton,FEATURE_RANKER_V1,label_Hcc->label_Zqq,CANDIDATE,2.6046814009903185,"feature=has_lepton, effect=-0.324, monotonic_ratio=2.056",run deep probe / patch if physics meaning is plausible,1
feature::label_Hcc->label_Zqq::leading_pt_fraction,FEATURE_RANKER_V1,label_Hcc->label_Zqq,CANDIDATE,1.9029465104157062,"feature=leading_pt_fraction, effect=0.129, monotonic_ratio=3.781",run deep probe / patch if physics meaning is plausible,1
feature::label_Hcc->label_Zqq::knn_pt_mean,FEATURE_RANKER_V1,label_Hcc->label_Zqq,CANDIDATE,1.8214598264763664,"feature=knn_pt_mean, effect=0.133, monotonic_ratio=3.500",run deep probe / patch if physics meaning is plausible,1
feature::label_Hgg->label_Hbb::pred_conf,FEATURE_RANKER_V1,label_Hgg->label_Hbb,CANDIDATE,31.175504325357537,"feature=pred_conf, effect=-1.029, monotonic_ratio=7.369",run deep probe / patch if physics meaning is plausible,1
feature::label_Hgg->label_Hbb::n_particles,FEATURE_RANKER_V1,label_Hgg->label_Hbb,CANDIDATE,19.256823680351626,"feature=n_particles, effect=-0.793, monotonic_ratio=5.910",run deep probe / patch if physics meaning is plausible,1
feature::label_Hgg->label_Hbb::p0_best_lepton_deltaR,FEATURE_RANKER_V1,label_Hgg->label_Hbb,CANDIDATE,12.001021748285433,"feature=p0_best_lepton_deltaR, effect=-0.748, monotonic_ratio=3.903",run deep probe / patch if physics meaning is plausible,1
feature::label_Hgg->label_Hbb::leading_pt_fraction,FEATURE_RANKER_V1,label_Hgg->label_Hbb,CANDIDATE,4.095101839909392,"feature=leading_pt_fraction, effect=0.367, monotonic_ratio=2.714",run deep probe / patch if physics meaning is plausible,1
feature::label_Hgg->label_Hbb::has_lepton,FEATURE_RANKER_V1,label_Hgg->label_Hbb,CANDIDATE,3.075267344604124,"feature=has_lepton, effect=0.748, monotonic_ratio=1.000",run deep probe / patch if physics meaning is plausible,1
feature::label_Hgg->label_Hbb::best_lepton_iso_pt_ratio,FEATURE_RANKER_V1,label_Hgg->label_Hbb,CANDIDATE,3.0190327112466617,"feature=best_lepton_iso_pt_ratio, effect=0.734, monotonic_ratio=1.000",run deep probe / patch if physics meaning is plausible,1
feature::label_Hgg->label_Hbb::best_lepton_pt,FEATURE_RANKER_V1,label_Hgg->label_Hbb,CANDIDATE,2.4763085906645594,"feature=best_lepton_pt, effect=0.602, monotonic_ratio=1.000",run deep probe / patch if physics meaning is plausible,1
feature::label_Hgg->label_Hbb::p0_pt,FEATURE_RANKER_V1,label_Hgg->label_Hbb,CANDIDATE,2.174468730442462,"feature=p0_pt, effect=0.280, monotonic_ratio=1.889",run deep probe / patch if physics meaning is plausible,1
feature::label_Hbb->label_Hcc::pred_conf,FEATURE_RANKER_V1,label_Hbb->label_Hcc,CANDIDATE,24.28762316700027,"feature=pred_conf, effect=-1.218, monotonic_ratio=4.111",run deep probe / patch if physics meaning is plausible,1
feature::label_Hbb->label_Hcc::best_lepton_iso_pt_ratio,FEATURE_RANKER_V1,label_Hbb->label_Hcc,CANDIDATE,11.268790653902679,"feature=best_lepton_iso_pt_ratio, effect=-0.662, monotonic_ratio=3.509",run deep probe / patch if physics meaning is plausible,1
feature::label_Hbb->label_Hcc::best_lepton_pt,FEATURE_RANKER_V1,label_Hbb->label_Hcc,CANDIDATE,6.8349056641613455,"feature=best_lepton_pt, effect=-0.482, monotonic_ratio=2.924",run deep probe / patch if physics meaning is plausible,1
feature::label_Hbb->label_Hcc::p0_best_lepton_deltaR,FEATURE_RANKER_V1,label_Hbb->label_Hcc,CANDIDATE,5.195093977386982,"feature=p0_best_lepton_deltaR, effect=0.489, monotonic_ratio=2.189",run deep probe / patch if physics meaning is plausible,1
feature::label_Hbb->label_Hcc::has_lepton,FEATURE_RANKER_V1,label_Hbb->label_Hcc,CANDIDATE,4.301466727710318,"feature=has_lepton, effect=-0.489, monotonic_ratio=1.813",run deep probe / patch if physics meaning is plausible,1
feature::label_Hbb->label_Hcc::n_particles,FEATURE_RANKER_V1,label_Hbb->label_Hcc,CANDIDATE,3.7769243296971693,"feature=n_particles, effect=-0.216, monotonic_ratio=3.610",run deep probe / patch if physics meaning is plausible,1
feature::label_Hbb->label_Hcc::p0_lepton_aligned,FEATURE_RANKER_V1,label_Hbb->label_Hcc,CANDIDATE,2.8072284919123516,"feature=p0_lepton_aligned, effect=-0.346, monotonic_ratio=1.674",run deep probe / patch if physics meaning is plausible,1
feature::label_Hbb->label_Hcc::p0_is_lepton,FEATURE_RANKER_V1,label_Hbb->label_Hcc,CANDIDATE,1.6417882307133767,"feature=p0_is_lepton, effect=-0.338, monotonic_ratio=1.000",run deep probe / patch if physics meaning is plausible,1
feature::label_Hgg->label_H4q::n_particles,FEATURE_RANKER_V1,label_Hgg->label_H4q,CANDIDATE,13.697061743181212,"feature=n_particles, effect=-0.789, monotonic_ratio=3.686",run deep probe / patch if physics meaning is plausible,1
feature::label_Hgg->label_H4q::pred_conf,FEATURE_RANKER_V1,label_Hgg->label_H4q,CANDIDATE,5.34717369536535,"feature=pred_conf, effect=-0.482, monotonic_ratio=2.357",run deep probe / patch if physics meaning is plausible,1
feature::label_Hgg->label_H4q::leading_pt_fraction,FEATURE_RANKER_V1,label_Hgg->label_H4q,CANDIDATE,4.167829108690628,"feature=leading_pt_fraction, effect=0.360, monotonic_ratio=2.462",run deep probe / patch if physics meaning is plausible,1
feature::label_Hgg->label_H4q::knn_charged_hadron_frac,FEATURE_RANKER_V1,label_Hgg->label_H4q,CANDIDATE,3.315958456090208,"feature=knn_charged_hadron_frac, effect=-0.288, monotonic_ratio=2.441",run deep probe / patch if physics meaning is plausible,1
feature::label_Hgg->label_H4q::p0_pt,FEATURE_RANKER_V1,label_Hgg->label_H4q,CANDIDATE,3.175694660156585,"feature=p0_pt, effect=0.327, monotonic_ratio=2.061",run deep probe / patch if physics meaning is plausible,1
feature::label_Hgg->label_H4q::leading_pt,FEATURE_RANKER_V1,label_Hgg->label_H4q,CANDIDATE,3.175694660156585,"feature=leading_pt, effect=0.327, monotonic_ratio=2.061",run deep probe / patch if physics meaning is plausible,1
feature::label_Hgg->label_H4q::knn_pt_max,FEATURE_RANKER_V1,label_Hgg->label_H4q,CANDIDATE,3.175694660156585,"feature=knn_pt_max, effect=0.327, monotonic_ratio=2.061",run deep probe / patch if physics meaning is plausible,1
feature::label_Hgg->label_H4q::knn_neutral_hadron_frac,FEATURE_RANKER_V1,label_Hgg->label_H4q,CANDIDATE,2.278313971220076,"feature=knn_neutral_hadron_frac, effect=0.216, monotonic_ratio=2.239",run deep probe / patch if physics meaning is plausible,1
feature::label_Hcc->label_Hbb::pred_conf,FEATURE_RANKER_V1,label_Hcc->label_Hbb,CANDIDATE,11.498613071449372,"feature=pred_conf, effect=-0.728, monotonic_ratio=3.300",run deep probe / patch if physics meaning is plausible,1
feature::label_Hcc->label_Hbb::knn_pt_sum,FEATURE_RANKER_V1,label_Hcc->label_Hbb,CANDIDATE,5.849174209262605,"feature=knn_pt_sum, effect=-0.536, monotonic_ratio=2.278",run deep probe / patch if physics meaning is plausible,1
feature::label_Hcc->label_Hbb::knn_pt_mean,FEATURE_RANKER_V1,label_Hcc->label_Hbb,CANDIDATE,5.847091347333865,"feature=knn_pt_mean, effect=-0.536, monotonic_ratio=2.278",run deep probe / patch if physics meaning is plausible,1
feature::label_Hcc->label_Hbb::n_particles,FEATURE_RANKER_V1,label_Hcc->label_Hbb,CANDIDATE,5.393270506503359,"feature=n_particles, effect=0.551, monotonic_ratio=2.045",run deep probe / patch if physics meaning is plausible,1
feature::label_Hcc->label_Hbb::p0_pt,FEATURE_RANKER_V1,label_Hcc->label_Hbb,CANDIDATE,4.15456581349785,"feature=p0_pt, effect=-0.354, monotonic_ratio=2.449",run deep probe / patch if physics meaning is plausible,1
feature::label_Hcc->label_Hbb::leading_pt,FEATURE_RANKER_V1,label_Hcc->label_Hbb,CANDIDATE,4.15456581349785,"feature=leading_pt, effect=-0.354, monotonic_ratio=2.449",run deep probe / patch if physics meaning is plausible,1
feature::label_Hcc->label_Hbb::knn_pt_max,FEATURE_RANKER_V1,label_Hcc->label_Hbb,CANDIDATE,4.15456581349785,"feature=knn_pt_max, effect=-0.354, monotonic_ratio=2.449",run deep probe / patch if physics meaning is plausible,1
feature::label_Hcc->label_Hbb::leading_pt_fraction,FEATURE_RANKER_V1,label_Hcc->label_Hbb,CANDIDATE,3.638992875698144,"feature=leading_pt_fraction, effect=-0.356, monotonic_ratio=2.135",run deep probe / patch if physics meaning is plausible,1
feature::label_Zqq->label_Wqq::pred_conf,FEATURE_RANKER_V1,label_Zqq->label_Wqq,CANDIDATE,4.031664114830982,"feature=pred_conf, effect=-0.294, monotonic_ratio=2.522",run deep probe / patch if physics meaning is plausible,1
feature::label_Zqq->label_Wqq::n_particles,FEATURE_RANKER_V1,label_Zqq->label_Wqq,CANDIDATE,3.0196016781775583,"feature=n_particles, effect=-0.236, monotonic_ratio=2.357",run deep probe / patch if physics meaning is plausible,1
feature::label_Zqq->label_Wqq::knn_pt_mean,FEATURE_RANKER_V1,label_Zqq->label_Wqq,CANDIDATE,2.057504589639116,"feature=knn_pt_mean, effect=0.190, monotonic_ratio=1.990",run deep probe / patch if physics meaning is plausible,1
feature::label_Zqq->label_Wqq::knn_pt_sum,FEATURE_RANKER_V1,label_Zqq->label_Wqq,CANDIDATE,2.0571104217224816,"feature=knn_pt_sum, effect=0.190, monotonic_ratio=1.990",run deep probe / patch if physics meaning is plausible,1
feature::label_Zqq->label_Wqq::p0_pt,FEATURE_RANKER_V1,label_Zqq->label_Wqq,CANDIDATE,1.4817548612433684,"feature=p0_pt, effect=0.188, monotonic_ratio=1.447",run deep probe / patch if physics meaning is plausible,1
feature::label_Zqq->label_Wqq::leading_pt,FEATURE_RANKER_V1,label_Zqq->label_Wqq,CANDIDATE,1.4817548612433684,"feature=leading_pt, effect=0.188, monotonic_ratio=1.447",run deep probe / patch if physics meaning is plausible,1
feature::label_Zqq->label_Wqq::knn_pt_max,FEATURE_RANKER_V1,label_Zqq->label_Wqq,CANDIDATE,1.4817548612433684,"feature=knn_pt_max, effect=0.188, monotonic_ratio=1.447",run deep probe / patch if physics meaning is plausible,1
feature::label_Zqq->label_Wqq::leading_pt_fraction,FEATURE_RANKER_V1,label_Zqq->label_Wqq,CANDIDATE,1.4425604797767968,"feature=leading_pt_fraction, effect=0.178, monotonic_ratio=1.493",run deep probe / patch if physics meaning is plausible,1
