particle_role,head_id,class_label,A_flow,B_flow,C_flow,B_minus_A,B_minus_C,trigger_score,loss_score,anomaly_score,auto_formulation
second_lepton,L0_ch0:32,label_Hqql,711.4429192979878,0,150.19632676496258,-711.4429192979878,-150.19632676496258,0,711.4429192979878,106856.11318149947,PATH: second_lepton -> L0_ch0:32 -> label_Hqql; DIAGNOSIS: anomaly; B-A=-711.4429; B-C=-150.1963; NEXT_PROBE: inspect particle geometry/source blocks.
hardest_hadron,L1_ch96:128,label_Hqql,265.34144771119344,0,223.59503810032172,-265.34144771119344,-223.59503810032172,0,265.34144771119344,59329.03111057882,PATH: hardest_hadron -> L1_ch96:128 -> label_Hqql; DIAGNOSIS: anomaly; B-A=-265.3414; B-C=-223.5950; NEXT_PROBE: inspect particle geometry/source blocks.
other_lepton,L0_ch0:32,label_Hqql,804.6141435974278,546.2304054776141,252.53108914173026,-258.38373811981364,293.69931633588385,0,258.38373811981364,75887.12723809932,PATH: other_lepton -> L0_ch0:32 -> label_Hqql; DIAGNOSIS: anomaly; B-A=-258.3837; B-C=293.6993; NEXT_PROBE: inspect particle geometry/source blocks.
particle0,L1_ch96:128,label_Hqql,281.0814231670811,40.20392888190054,177.37902402393155,-240.87749428518055,-137.175095142031,0,240.87749428518055,33042.393196143676,PATH: particle0 -> L1_ch96:128 -> label_Hqql; DIAGNOSIS: anomaly; B-A=-240.8775; B-C=-137.1751; NEXT_PROBE: inspect particle geometry/source blocks.
particle0_best_lepton,L1_ch0:32,label_Hqql,239.6184550219703,0,230.85890958279106,-239.6184550219703,-230.85890958279106,0,239.6184550219703,55318.055242285125,PATH: particle0_best_lepton -> L1_ch0:32 -> label_Hqql; DIAGNOSIS: anomaly; B-A=-239.6185; B-C=-230.8589; NEXT_PROBE: inspect particle geometry/source blocks.
second_lepton,L0_ch32:64,label_Hqql,234.49697487632875,0,182.8346851921373,-234.49697487632875,-182.8346851921373,0,234.49697487632875,42874.1805800221,PATH: second_lepton -> L0_ch32:64 -> label_Hqql; DIAGNOSIS: anomaly; B-A=-234.4970; B-C=-182.8347; NEXT_PROBE: inspect particle geometry/source blocks.
other_lepton,L1_ch64:96,label_Hqql,224.7330287735076,0,-4.228500380924197,-224.7330287735076,4.228500380924197,0,224.7330287735076,950.2836977750255,PATH: other_lepton -> L1_ch64:96 -> label_Hqql; DIAGNOSIS: anomaly; B-A=-224.7330; B-C=4.2285; NEXT_PROBE: inspect particle geometry/source blocks.
second_lepton,L1_ch64:96,label_Hqql,188.300298587008,0,-53.160710341637355,-188.300298587008,53.160710341637355,0,188.300298587008,10010.177630427757,PATH: second_lepton -> L1_ch64:96 -> label_Hqql; DIAGNOSIS: anomaly; B-A=-188.3003; B-C=53.1607; NEXT_PROBE: inspect particle geometry/source blocks.
hard_hadron,L1_ch0:32,label_Hqql,312.24916536604957,164.95628953638624,440.6538722212452,-147.29287582966333,-275.69758268485896,0,147.29287582966333,40608.28981293927,PATH: hard_hadron -> L1_ch0:32 -> label_Hqql; DIAGNOSIS: anomaly; B-A=-147.2929; B-C=-275.6976; NEXT_PROBE: inspect particle geometry/source blocks.
particle0_best_lepton,L0_ch32:64,label_Hqql,136.0825825672282,0,202.50923044523643,-136.0825825672282,-202.50923044523643,0,136.0825825672282,27557.97907268973,PATH: particle0_best_lepton -> L0_ch32:64 -> label_Hqql; DIAGNOSIS: anomaly; B-A=-136.0826; B-C=-202.5092; NEXT_PROBE: inspect particle geometry/source blocks.
hadron_neighbor,L1_ch0:32,label_Hqql,370.5688049684763,260.9587057946128,428.71555467924213,-109.61009917386349,-167.75684888462933,0,109.61009917386349,18387.84484333905,PATH: hadron_neighbor -> L1_ch0:32 -> label_Hqql; DIAGNOSIS: anomaly; B-A=-109.6101; B-C=-167.7568; NEXT_PROBE: inspect particle geometry/source blocks.
hard_hadron,L0_ch0:32,label_Hqql,683.4051240148954,582.6480206064036,132.20402335331806,-100.75710340849173,450.44399725308557,0,100.75710340849173,45385.432410963505,PATH: hard_hadron -> L0_ch0:32 -> label_Hqql; DIAGNOSIS: anomaly; B-A=-100.7571; B-C=450.4440; NEXT_PROBE: inspect particle geometry/source blocks.
photon_neighbor,L1_ch96:128,label_Hqql,357.2362452604532,262.0395780013572,178.1822034743134,-95.19666725909599,83.85737452704379,0,95.19666725909599,7982.942580072379,PATH: photon_neighbor -> L1_ch96:128 -> label_Hqql; DIAGNOSIS: anomaly; B-A=-95.1967; B-C=83.8574; NEXT_PROBE: inspect particle geometry/source blocks.
hardest_hadron,L0_ch32:64,label_Hqql,153.60630634700647,86.83390829052291,23.5662010367321,-66.77239805648355,63.26770725379082,0,66.77239805648355,4224.536532871192,PATH: hardest_hadron -> L0_ch32:64 -> label_Hqql; DIAGNOSIS: anomaly; B-A=-66.7724; B-C=63.2677; NEXT_PROBE: inspect particle geometry/source blocks.
other_lepton,L1_ch32:64,label_Hqql,63.09972855770957,0,50.61168504429497,-63.09972855770957,-50.61168504429497,0,63.09972855770957,3193.5835881433018,PATH: other_lepton -> L1_ch32:64 -> label_Hqql; DIAGNOSIS: anomaly; B-A=-63.0997; B-C=-50.6117; NEXT_PROBE: inspect particle geometry/source blocks.
second_lepton,L1_ch32:64,label_Hqql,59.85497649477884,0,50.12127334957404,-59.85497649477884,-50.12127334957404,0,59.85497649477884,3000.007638227139,PATH: second_lepton -> L1_ch32:64 -> label_Hqql; DIAGNOSIS: anomaly; B-A=-59.8550; B-C=-50.1213; NEXT_PROBE: inspect particle geometry/source blocks.
photon_neighbor,L0_ch32:64,label_Hqql,170.8266053838199,119.9892486909917,33.77684635343083,-50.837356692828195,86.21240233756087,0,50.837356692828195,4382.810648980198,PATH: photon_neighbor -> L0_ch32:64 -> label_Hqql; DIAGNOSIS: anomaly; B-A=-50.8374; B-C=86.2124; NEXT_PROBE: inspect particle geometry/source blocks.
hadron_neighbor,L1_ch96:128,label_Hqql,315.8395686487434,274.3395775006112,203.16186973723808,-41.49999114813221,71.17770776337312,0,41.49999114813221,2953.874242124326,PATH: hadron_neighbor -> L1_ch96:128 -> label_Hqql; DIAGNOSIS: anomaly; B-A=-41.5000; B-C=71.1777; NEXT_PROBE: inspect particle geometry/source blocks.
hard_hadron,L0_ch32:64,label_Hqql,179.53701764438358,138.75047028738967,56.303106954132595,-40.78654735699391,82.44736333325707,0,40.78654735699391,3362.7432890511727,PATH: hard_hadron -> L0_ch32:64 -> label_Hqql; DIAGNOSIS: anomaly; B-A=-40.7865; B-C=82.4474; NEXT_PROBE: inspect particle geometry/source blocks.
photon_neighbor,L1_ch0:32,label_Hqql,292.0515508506083,262.14968782721684,506.64805200044503,-29.901863023391456,-244.4983641732282,0,29.901863023391456,7310.956594951151,PATH: photon_neighbor -> L1_ch0:32 -> label_Hqql; DIAGNOSIS: anomaly; B-A=-29.9019; B-C=-244.4984; NEXT_PROBE: inspect particle geometry/source blocks.
hard_hadron,L1_ch64:96,label_Hqql,116.14292959414169,88.23946783154685,-73.76402955937502,-27.903461762594844,162.00349739092186,0,27.903461762594844,4520.458394854222,PATH: hard_hadron -> L1_ch64:96 -> label_Hqql; DIAGNOSIS: anomaly; B-A=-27.9035; B-C=162.0035; NEXT_PROBE: inspect particle geometry/source blocks.
hadron_neighbor,L1_ch32:64,label_Hqql,68.50050704193691,43.8928205683629,-10.206815898003857,-24.607686473574013,54.09963646636676,0,24.607686473574013,1331.2668924986847,PATH: hadron_neighbor -> L1_ch32:64 -> label_Hqql; DIAGNOSIS: anomaly; B-A=-24.6077; B-C=54.0996; NEXT_PROBE: inspect particle geometry/source blocks.
particle0_best_lepton,L1_ch96:128,label_Hqql,332.14564543880886,309.62603133174207,278.91024918170694,-22.519614107066786,30.715782150035125,0,22.519614107066786,691.7075610155212,PATH: particle0_best_lepton -> L1_ch96:128 -> label_Hqql; DIAGNOSIS: anomaly; B-A=-22.5196; B-C=30.7158; NEXT_PROBE: inspect particle geometry/source blocks.
hadron_neighbor,L0_ch32:64,label_Hqql,190.2114888764445,171.4859610638067,75.68068500691341,-18.72552781263778,95.8052760568933,0,18.72552781263778,1794.004361400796,PATH: hadron_neighbor -> L0_ch32:64 -> label_Hqql; DIAGNOSIS: anomaly; B-A=-18.7255; B-C=95.8053; NEXT_PROBE: inspect particle geometry/source blocks.
hard_hadron,L1_ch32:64,label_Hqql,70.38928466318006,56.04723976426144,-10.677992168798404,-14.342044898918623,66.72523193305985,0,14.342044898918623,956.976272274703,PATH: hard_hadron -> L1_ch32:64 -> label_Hqql; DIAGNOSIS: anomaly; B-A=-14.3420; B-C=66.7252; NEXT_PROBE: inspect particle geometry/source blocks.
photon_neighbor,L1_ch32:64,label_Hqql,66.24635270142932,57.04303435712075,-11.640482272996632,-9.203318344308563,68.68351663011738,0,9.203318344308563,632.1162685535816,PATH: photon_neighbor -> L1_ch32:64 -> label_Hqql; DIAGNOSIS: anomaly; B-A=-9.2033; B-C=68.6835; NEXT_PROBE: inspect particle geometry/source blocks.
hard_hadron,L1_ch96:128,label_Hqql,315.73506384016207,307.3778525220771,215.50497113489183,-8.357211318084978,91.87288138718526,0,8.357211318084978,767.8010841540633,PATH: hard_hadron -> L1_ch96:128 -> label_Hqql; DIAGNOSIS: anomaly; B-A=-8.3572; B-C=91.8729; NEXT_PROBE: inspect particle geometry/source blocks.
best_lepton,L2_ch160:192,label_Hqql,2.4495087360230343,-5.161104655329041,-4.140937305180542,-7.610613391352075,-1.0201673501484985,0,7.610613391352075,7.764099296460324,PATH: best_lepton -> L2_ch160:192 -> label_Hqql; DIAGNOSIS: anomaly; B-A=-7.6106; B-C=-1.0202; NEXT_PROBE: inspect particle geometry/source blocks.
particle0_best_lepton,L2_ch160:192,label_Hqql,3.323591026336222,-2.180467781897984,-8.042283350795545,-5.5040588082342055,5.861815568897561,0,5.5040588082342055,32.26377761423502,PATH: particle0_best_lepton -> L2_ch160:192 -> label_Hqql; DIAGNOSIS: anomaly; B-A=-5.5041; B-C=5.8618; NEXT_PROBE: inspect particle geometry/source blocks.
particle0,L2_ch32:64,label_Hqql,0,-4.021758187012097,-1.7465523013187552,-4.021758187012097,-2.2752058856933415,0,4.021758187012097,9.150327897925305,PATH: particle0 -> L2_ch32:64 -> label_Hqql; DIAGNOSIS: anomaly; B-A=-4.0218; B-C=-2.2752; NEXT_PROBE: inspect particle geometry/source blocks.
particle0,L2_ch128:160,label_Hqql,6.537758655529274,2.7146860269226636,0.26426725390215366,-3.82307262860661,2.45041877302051,0,3.82307262860661,9.368128939758504,PATH: particle0 -> L2_ch128:160 -> label_Hqql; DIAGNOSIS: anomaly; B-A=-3.8231; B-C=2.4504; NEXT_PROBE: inspect particle geometry/source blocks.
other_lepton,L2_ch96:128,label_Hqql,0,-3.3424802787111503,-1.7448084528749064,-3.3424802787111503,-1.597671825836244,0,3.3424802787111503,5.340186569710081,PATH: other_lepton -> L2_ch96:128 -> label_Hqql; DIAGNOSIS: anomaly; B-A=-3.3425; B-C=-1.5977; NEXT_PROBE: inspect particle geometry/source blocks.
photon_neighbor,L0_ch0:32,label_Hqql,596.7786039340359,593.5671929463305,98.04887564693367,-3.211410987705449,495.5183172993968,0,3.211410987705449,1591.3129687845978,PATH: photon_neighbor -> L0_ch0:32 -> label_Hqql; DIAGNOSIS: anomaly; B-A=-3.2114; B-C=495.5183; NEXT_PROBE: inspect particle geometry/source blocks.
other_lepton,L2_ch32:64,label_Hqql,0,-3.143704378980715,-1.5610633806412082,-3.143704378980715,-1.5826409983395067,0,3.143704378980715,4.975355436834318,PATH: other_lepton -> L2_ch32:64 -> label_Hqql; DIAGNOSIS: anomaly; B-A=-3.1437; B-C=-1.5826; NEXT_PROBE: inspect particle geometry/source blocks.
best_lepton,L2_ch32:64,label_Hqql,0.13240755547548133,-2.8120697732964572,0.28129887466090236,-2.9444773287719386,-3.0933686479573597,0,2.9444773287719386,9.10835385344435,PATH: best_lepton -> L2_ch32:64 -> label_Hqql; DIAGNOSIS: anomaly; B-A=-2.9445; B-C=-3.0934; NEXT_PROBE: inspect particle geometry/source blocks.
particle0_best_lepton,L2_ch32:64,label_Hqql,0.2585005843852418,-2.592463767690173,-1.971050365660724,-2.850964352075415,-0.6214134020294493,0,2.850964352075415,1.771627457087868,PATH: particle0_best_lepton -> L2_ch32:64 -> label_Hqql; DIAGNOSIS: anomaly; B-A=-2.8510; B-C=-0.6214; NEXT_PROBE: inspect particle geometry/source blocks.
best_lepton,L2_ch0:32,label_Hqql,2.64220338000527,0,3.183720561005815,-2.64220338000527,-3.183720561005815,0,2.64220338000527,8.41203722728184,PATH: best_lepton -> L2_ch0:32 -> label_Hqql; DIAGNOSIS: anomaly; B-A=-2.6422; B-C=-3.1837; NEXT_PROBE: inspect particle geometry/source blocks.
particle0_best_lepton,L2_ch64:96,label_Hqql,5.0509153758772545,2.526434914918325,5.638873949571561,-2.5244804609589293,-3.112439034653236,0,2.5244804609589293,7.857291528907966,PATH: particle0_best_lepton -> L2_ch64:96 -> label_Hqql; DIAGNOSIS: anomaly; B-A=-2.5245; B-C=-3.1124; NEXT_PROBE: inspect particle geometry/source blocks.
best_lepton,L2_ch64:96,label_Hqql,3.6237026522372844,1.4728018083241068,5.100933083721471,-2.1509008439131776,-3.6281312753973642,0,2.1509008439131776,7.803750622079984,PATH: best_lepton -> L2_ch64:96 -> label_Hqql; DIAGNOSIS: anomaly; B-A=-2.1509; B-C=-3.6281; NEXT_PROBE: inspect particle geometry/source blocks.
best_lepton,L2_ch128:160,label_Hqql,11.713934538010221,9.578150246056794,-1.043609850227973,-2.135784291953428,10.621760096284767,0,2.135784291953428,22.685788366542734,PATH: best_lepton -> L2_ch128:160 -> label_Hqql; DIAGNOSIS: anomaly; B-A=-2.1358; B-C=10.6218; NEXT_PROBE: inspect particle geometry/source blocks.
second_lepton,L2_ch128:160,label_Hqql,4.496306062211858,2.3987151831477327,-1.0067221691907775,-2.097590879064125,3.4054373523385104,0,2.097590879064125,7.143214329489542,PATH: second_lepton -> L2_ch128:160 -> label_Hqql; DIAGNOSIS: anomaly; B-A=-2.0976; B-C=3.4054; NEXT_PROBE: inspect particle geometry/source blocks.
photon_neighbor,L2_ch0:32,label_Hqql,2.0155467459489134,0,2.121826046463987,-2.0155467459489134,-2.121826046463987,0,2.0155467459489134,4.2766395834201365,PATH: photon_neighbor -> L2_ch0:32 -> label_Hqql; DIAGNOSIS: anomaly; B-A=-2.0155; B-C=-2.1218; NEXT_PROBE: inspect particle geometry/source blocks.
hardest_hadron,L2_ch224:256,label_Hqql,4.946063904504824,3.188289793928914,10.277533399134908,-1.7577741105759097,-7.089243605205994,0,1.7577741105759097,12.461288872796922,PATH: hardest_hadron -> L2_ch224:256 -> label_Hqql; DIAGNOSIS: anomaly; B-A=-1.7578; B-C=-7.0892; NEXT_PROBE: inspect particle geometry/source blocks.
photon_neighbor,L2_ch160:192,label_Hqql,0.6510179345154823,-1.0141517052995042,-1.960264525102786,-1.6651696398149864,0.9461128198032818,0,1.6651696398149864,1.5754383433761718,PATH: photon_neighbor -> L2_ch160:192 -> label_Hqql; DIAGNOSIS: anomaly; B-A=-1.6652; B-C=0.9461; NEXT_PROBE: inspect particle geometry/source blocks.
hadron_neighbor,L2_ch160:192,label_Hqql,0.481651398921346,-1.1590570877579864,-1.8655163835880988,-1.6407084866793324,0.7064592958301124,0,1.6407084866793324,1.1590937621619706,PATH: hadron_neighbor -> L2_ch160:192 -> label_Hqql; DIAGNOSIS: anomaly; B-A=-1.6407; B-C=0.7065; NEXT_PROBE: inspect particle geometry/source blocks.
photon_neighbor,L2_ch224:256,label_Hqql,5.096110727339494,3.473482360854206,8.925959805033925,-1.622628366485288,-5.452477444179719,0,1.622628366485288,8.847344568547216,PATH: photon_neighbor -> L2_ch224:256 -> label_Hqql; DIAGNOSIS: anomaly; B-A=-1.6226; B-C=-5.4525; NEXT_PROBE: inspect particle geometry/source blocks.
particle0,L2_ch160:192,label_Hqql,0,-1.5500730892359371,-19.451679844124556,-1.5500730892359371,17.90160675488862,0,1.5500730892359371,27.74879888483712,PATH: particle0 -> L2_ch160:192 -> label_Hqql; DIAGNOSIS: anomaly; B-A=-1.5501; B-C=17.9016; NEXT_PROBE: inspect particle geometry/source blocks.
best_lepton,L2_ch96:128,label_Hqql,0.11959597449742887,-1.350644071053182,-0.9786696040986443,-1.4702400455506108,-0.3719744669545376,0,1.4702400455506108,0.5468917572389036,PATH: best_lepton -> L2_ch96:128 -> label_Hqql; DIAGNOSIS: anomaly; B-A=-1.4702; B-C=-0.3720; NEXT_PROBE: inspect particle geometry/source blocks.
hardest_hadron,L2_ch64:96,label_Hqql,2.0452308103579213,0.7510348231548676,1.2552137065737419,-1.2941959872030537,-0.5041788834188743,0,1.2941959872030537,0.6525062877532234,PATH: hardest_hadron -> L2_ch64:96 -> label_Hqql; DIAGNOSIS: anomaly; B-A=-1.2942; B-C=-0.5042; NEXT_PROBE: inspect particle geometry/source blocks.
second_lepton,L2_ch160:192,label_Hqql,-0.051140511034276415,-1.3242180439830709,-8.15047798832183,-1.2730775329487944,6.8262599443387595,0,1.2730775329487944,8.690358169205963,PATH: second_lepton -> L2_ch160:192 -> label_Hqql; DIAGNOSIS: anomaly; B-A=-1.2731; B-C=6.8263; NEXT_PROBE: inspect particle geometry/source blocks.
hard_hadron,L2_ch160:192,label_Hqql,0.6486619684409168,-0.5960609654767598,-1.8281174431680483,-1.2447229339176766,1.2320564776912883,0,1.2447229339176766,1.533568953664179,PATH: hard_hadron -> L2_ch160:192 -> label_Hqql; DIAGNOSIS: anomaly; B-A=-1.2447; B-C=1.2321; NEXT_PROBE: inspect particle geometry/source blocks.
second_lepton,L2_ch0:32,label_Hqql,3.3997384534632715,2.3204354134904484,3.4759030237336526,-1.0793030399728232,-1.1554676102432042,0,1.0793030399728232,1.2470997043256236,PATH: second_lepton -> L2_ch0:32 -> label_Hqql; DIAGNOSIS: anomaly; B-A=-1.0793; B-C=-1.1555; NEXT_PROBE: inspect particle geometry/source blocks.
hadron_neighbor,L2_ch128:160,label_Hqql,2.3358805558608298,1.549092060263213,0.7062477116177401,-0.7867884955976168,0.8428443486454729,0,0.7867884955976168,0.6631402370937248,PATH: hadron_neighbor -> L2_ch128:160 -> label_Hqql; DIAGNOSIS: anomaly; B-A=-0.7868; B-C=0.8428; NEXT_PROBE: inspect particle geometry/source blocks.
second_lepton,L2_ch64:96,label_Hqql,2.322229137890924,1.6147833450396358,1.3999300854245629,-0.7074457928512883,0.21485325961507296,0,0.7074457928512883,0.15199703459506897,PATH: second_lepton -> L2_ch64:96 -> label_Hqql; DIAGNOSIS: anomaly; B-A=-0.7074; B-C=0.2149; NEXT_PROBE: inspect particle geometry/source blocks.
particle0_best_lepton,L2_ch0:32,label_Hqql,6.359356028717504,5.658850722546911,6.095052919780924,-0.7005053061705926,-0.4362021972340129,0,0.7005053061705926,0.3055619537256974,PATH: particle0_best_lepton -> L2_ch0:32 -> label_Hqql; DIAGNOSIS: anomaly; B-A=-0.7005; B-C=-0.4362; NEXT_PROBE: inspect particle geometry/source blocks.
hard_hadron,L2_ch128:160,label_Hqql,1.9285362741523704,1.2294688232002755,0.22931972446740012,-0.6990674509520949,1.0001490987328754,0,0.6990674509520949,0.6991716810232262,PATH: hard_hadron -> L2_ch128:160 -> label_Hqql; DIAGNOSIS: anomaly; B-A=-0.6991; B-C=1.0001; NEXT_PROBE: inspect particle geometry/source blocks.
hard_hadron,L2_ch64:96,label_Hqql,1.3475706511850534,0.678897450338002,1.2528734110526043,-0.6686732008470514,-0.5739759607146023,0,0.6686732008470514,0.3838023428602946,PATH: hard_hadron -> L2_ch64:96 -> label_Hqql; DIAGNOSIS: anomaly; B-A=-0.6687; B-C=-0.5740; NEXT_PROBE: inspect particle geometry/source blocks.
hadron_neighbor,L2_ch32:64,label_Hqql,0.09292580619355562,-0.5443775542848717,-0.3226920260407734,-0.6373033604784273,-0.22168552824409826,0,0.6373033604784273,0.14128093211939913,PATH: hadron_neighbor -> L2_ch32:64 -> label_Hqql; DIAGNOSIS: anomaly; B-A=-0.6373; B-C=-0.2217; NEXT_PROBE: inspect particle geometry/source blocks.
second_lepton,L2_ch32:64,label_Hqql,-1.3895464406504772,-1.8988299004016056,-3.43093476594188,-0.5092834597511284,1.5321048655402743,0,0.5092834597511284,0.7802756666238883,PATH: second_lepton -> L2_ch32:64 -> label_Hqql; DIAGNOSIS: anomaly; B-A=-0.5093; B-C=1.5321; NEXT_PROBE: inspect particle geometry/source blocks.
photon_neighbor,L2_ch64:96,label_Hqql,1.4370723809931474,0.9757829485362706,1.629655037757131,-0.4612894324568768,-0.6538720892208605,0,0.4612894324568768,0.30162428493608306,PATH: photon_neighbor -> L2_ch64:96 -> label_Hqql; DIAGNOSIS: anomaly; B-A=-0.4613; B-C=-0.6539; NEXT_PROBE: inspect particle geometry/source blocks.
hardest_hadron,L2_ch0:32,label_Hqql,3.1709554522541055,2.8349615938386847,2.148021064238544,-0.33599385841542073,0.6869405296001405,0,0.33599385841542073,0.23080779904228374,PATH: hardest_hadron -> L2_ch0:32 -> label_Hqql; DIAGNOSIS: anomaly; B-A=-0.3360; B-C=0.6869; NEXT_PROBE: inspect particle geometry/source blocks.
hard_hadron,L2_ch0:32,label_Hqql,2.363136068823019,2.163600761378968,1.9019764449529803,-0.19953530744405112,0.2616243164259877,0,0.19953530744405112,0.052203288412899174,PATH: hard_hadron -> L2_ch0:32 -> label_Hqql; DIAGNOSIS: anomaly; B-A=-0.1995; B-C=0.2616; NEXT_PROBE: inspect particle geometry/source blocks.
hard_hadron,L2_ch32:64,label_Hqql,0.29083486961220656,0.09304284545227245,0.14893416603741577,-0.1977920241599341,-0.05589132058514332,0,0.1977920241599341,0.01105485743150729,PATH: hard_hadron -> L2_ch32:64 -> label_Hqql; DIAGNOSIS: anomaly; B-A=-0.1978; B-C=-0.0559; NEXT_PROBE: inspect particle geometry/source blocks.
hard_hadron,L2_ch224:256,label_Hqql,3.651414941229617,3.468199379400931,7.4320863089451175,-0.18321556182868592,-3.9638869295441865,0,0.18321556182868592,0.726245770821823,PATH: hard_hadron -> L2_ch224:256 -> label_Hqql; DIAGNOSIS: anomaly; B-A=-0.1832; B-C=-3.9639; NEXT_PROBE: inspect particle geometry/source blocks.
second_lepton,L2_ch224:256,label_Hqql,3.1410699155770203,2.9754721637151484,20.72228480972154,-0.16559775186187187,-17.74681264600639,0,0.16559775186187187,2.9388322768924957,PATH: second_lepton -> L2_ch224:256 -> label_Hqql; DIAGNOSIS: anomaly; B-A=-0.1656; B-C=-17.7468; NEXT_PROBE: inspect particle geometry/source blocks.
hard_hadron,L2_ch96:128,label_Hqql,0.406905763627746,0.26449531573967405,-0.8041684176769494,-0.14241044788807194,1.0686637334166234,0,0.14241044788807194,0.15218888091760044,PATH: hard_hadron -> L2_ch96:128 -> label_Hqql; DIAGNOSIS: anomaly; B-A=-0.1424; B-C=1.0687; NEXT_PROBE: inspect particle geometry/source blocks.
particle0,L2_ch96:128,label_Hqql,0.11173175168255511,0,-1.6892233623304946,-0.11173175168255511,1.6892233623304946,0,0.11173175168255511,0.18873988525628166,PATH: particle0 -> L2_ch96:128 -> label_Hqql; DIAGNOSIS: anomaly; B-A=-0.1117; B-C=1.6892; NEXT_PROBE: inspect particle geometry/source blocks.
photon_neighbor,L2_ch32:64,label_Hqql,-0.029688801425535812,-0.11638677534497788,-0.354734949541148,-0.08669797391944206,0.2383481741961701,0,0.08669797391944206,0.02066430379020619,PATH: photon_neighbor -> L2_ch32:64 -> label_Hqql; DIAGNOSIS: anomaly; B-A=-0.0867; B-C=0.2383; NEXT_PROBE: inspect particle geometry/source blocks.
hadron_neighbor,L2_ch64:96,label_Hqql,1.0899488945883657,1.022092858122947,1.0632841917104745,-0.06785603646541882,-0.04119133358752758,0,0.06785603646541882,0.0027950806339745024,PATH: hadron_neighbor -> L2_ch64:96 -> label_Hqql; DIAGNOSIS: anomaly; B-A=-0.0679; B-C=-0.0412; NEXT_PROBE: inspect particle geometry/source blocks.
photon_neighbor,L2_ch192:224,label_Hqql,0.1352447833033286,0.0901608592064272,-0.4186651911585806,-0.04508392409690139,0.5088260503650078,0,0.04508392409690139,0.022939875033182136,PATH: photon_neighbor -> L2_ch192:224 -> label_Hqql; DIAGNOSIS: anomaly; B-A=-0.0451; B-C=0.5088; NEXT_PROBE: inspect particle geometry/source blocks.
particle0,L0_ch0:32,label_Hqql,0,0,70.40718153979894,0,-70.40718153979894,0,0,0.0,PATH: particle0 -> L0_ch0:32 -> label_Hqql; DIAGNOSIS: anomaly; B-A=0.0000; B-C=-70.4072; NEXT_PROBE: inspect particle geometry/source blocks.
particle0,L1_ch0:32,label_Hqql,0,0,227.45851884441254,0,-227.45851884441254,0,0,0.0,PATH: particle0 -> L1_ch0:32 -> label_Hqql; DIAGNOSIS: anomaly; B-A=0.0000; B-C=-227.4585; NEXT_PROBE: inspect particle geometry/source blocks.
second_lepton,L2_ch192:224,label_Hqql,0.9216540923952437,1.0270746303219767,-2.974574299104463,0.105420537926733,4.001648929426439,0,0,0.4218559827340705,PATH: second_lepton -> L2_ch192:224 -> label_Hqql; DIAGNOSIS: anomaly; B-A=0.1054; B-C=4.0016; NEXT_PROBE: inspect particle geometry/source blocks.
hardest_hadron,L2_ch192:224,label_Hqql,0.39752046269333663,0.758205974728374,-0.2780335133694117,0.3606855120350374,1.0362394880977857,0,0,0.3737565703554749,PATH: hardest_hadron -> L2_ch192:224 -> label_Hqql; DIAGNOSIS: anomaly; B-A=0.3607; B-C=1.0362; NEXT_PROBE: inspect particle geometry/source blocks.
best_lepton,L1_ch64:96,label_Hqql,0,0,-286.47349622526417,0,286.47349622526417,0,0,0.0,PATH: best_lepton -> L1_ch64:96 -> label_Hqql; DIAGNOSIS: anomaly; B-A=0.0000; B-C=286.4735; NEXT_PROBE: inspect particle geometry/source blocks.
other_lepton,L2_ch192:224,label_Hqql,0,0,-0.8780784297218626,0,0.8780784297218626,0,0,0.0,PATH: other_lepton -> L2_ch192:224 -> label_Hqql; DIAGNOSIS: anomaly; B-A=0.0000; B-C=0.8781; NEXT_PROBE: inspect particle geometry/source blocks.
particle0,L2_ch224:256,label_Hqql,11.83553345312248,33.96180009834643,19.893790010445542,22.12626664522395,14.068010087900888,0,0,311.27254237259547,PATH: particle0 -> L2_ch224:256 -> label_Hqql; DIAGNOSIS: anomaly; B-A=22.1263; B-C=14.0680; NEXT_PROBE: inspect particle geometry/source blocks.
particle0,L0_ch32:64,label_Hqql,0,0,77.1511730009237,0,-77.1511730009237,0,0,0.0,PATH: particle0 -> L0_ch32:64 -> label_Hqql; DIAGNOSIS: anomaly; B-A=0.0000; B-C=-77.1512; NEXT_PROBE: inspect particle geometry/source blocks.
particle0_best_lepton,L1_ch64:96,label_Hqql,0,0,0.24510490327497791,0,-0.24510490327497791,0,0,0.0,PATH: particle0_best_lepton -> L1_ch64:96 -> label_Hqql; DIAGNOSIS: anomaly; B-A=0.0000; B-C=-0.2451; NEXT_PROBE: inspect particle geometry/source blocks.
particle0_best_lepton,L2_ch96:128,label_Hqql,0.5110955231891744,0.5749295211255693,-0.6503883159320927,0.06383399793639488,1.2253178370576618,0,0,0.07821693628216662,PATH: particle0_best_lepton -> L2_ch96:128 -> label_Hqql; DIAGNOSIS: anomaly; B-A=0.0638; B-C=1.2253; NEXT_PROBE: inspect particle geometry/source blocks.
hadron_neighbor,L2_ch96:128,label_Hqql,0.06463957193805925,0.17528140422617966,-0.8654458081995282,0.11064183228812041,1.0407272124257079,0,0,0.11514796569488824,PATH: hadron_neighbor -> L2_ch96:128 -> label_Hqql; DIAGNOSIS: anomaly; B-A=0.1106; B-C=1.0407; NEXT_PROBE: inspect particle geometry/source blocks.
particle0_best_lepton,L2_ch224:256,label_Hqql,15.84605138754235,18.889710552766722,37.91921192418577,3.0436591652243727,-19.029501371419045,0,0,57.91931625876934,PATH: particle0_best_lepton -> L2_ch224:256 -> label_Hqql; DIAGNOSIS: anomaly; B-A=3.0437; B-C=-19.0295; NEXT_PROBE: inspect particle geometry/source blocks.
hadron_neighbor,L2_ch224:256,label_Hqql,0,0,6.817118640498038,0,-6.817118640498038,0,0,0.0,PATH: hadron_neighbor -> L2_ch224:256 -> label_Hqql; DIAGNOSIS: anomaly; B-A=0.0000; B-C=-6.8171; NEXT_PROBE: inspect particle geometry/source blocks.
best_lepton,L1_ch96:128,label_Hqql,0,0,49.05391626794881,0,-49.05391626794881,0,0,0.0,PATH: best_lepton -> L1_ch96:128 -> label_Hqql; DIAGNOSIS: anomaly; B-A=0.0000; B-C=-49.0539; NEXT_PROBE: inspect particle geometry/source blocks.
hardest_hadron,L1_ch64:96,label_Hqql,0,0,3.4774695347041416,0,-3.4774695347041416,0,0,0.0,PATH: hardest_hadron -> L1_ch64:96 -> label_Hqql; DIAGNOSIS: anomaly; B-A=0.0000; B-C=-3.4775; NEXT_PROBE: inspect particle geometry/source blocks.
photon_neighbor,L2_ch128:160,label_Hqql,1.7278681907664115,2.68110716374656,0.6193705348637905,0.9532389729801487,2.0617366288827697,0,0,1.9653277066717654,PATH: photon_neighbor -> L2_ch128:160 -> label_Hqql; DIAGNOSIS: anomaly; B-A=0.9532; B-C=2.0617; NEXT_PROBE: inspect particle geometry/source blocks.
hardest_hadron,L0_ch0:32,label_Hqql,0,0,114.65524664408883,0,-114.65524664408883,0,0,0.0,PATH: hardest_hadron -> L0_ch0:32 -> label_Hqql; DIAGNOSIS: anomaly; B-A=0.0000; B-C=-114.6552; NEXT_PROBE: inspect particle geometry/source blocks.
particle0_best_lepton,L2_ch128:160,label_Hqql,10.255719502309093,10.629727042359985,1.2063608633174432,0.37400754005089176,9.423366179042542,0,0,3.5244100036224726,PATH: particle0_best_lepton -> L2_ch128:160 -> label_Hqql; DIAGNOSIS: anomaly; B-A=0.3740; B-C=9.4234; NEXT_PROBE: inspect particle geometry/source blocks.
hardest_hadron,L1_ch0:32,label_Hqql,0,668.823209260845,276.29029353935493,668.823209260845,392.5329157214901,0,0,262535.12443336385,PATH: hardest_hadron -> L1_ch0:32 -> label_Hqql; DIAGNOSIS: anomaly; B-A=668.8232; B-C=392.5329; NEXT_PROBE: inspect particle geometry/source blocks.
particle0,L1_ch32:64,label_Hqql,0,98.61825404853153,-22.089712877081233,98.61825404853153,120.70796692561277,0,0,11904.008947951821,PATH: particle0 -> L1_ch32:64 -> label_Hqql; DIAGNOSIS: anomaly; B-A=98.6183; B-C=120.7080; NEXT_PROBE: inspect particle geometry/source blocks.
other_lepton,L1_ch0:32,label_Hqql,0,0,473.8118680928698,0,-473.8118680928698,0,0,0.0,PATH: other_lepton -> L1_ch0:32 -> label_Hqql; DIAGNOSIS: anomaly; B-A=0.0000; B-C=-473.8119; NEXT_PROBE: inspect particle geometry/source blocks.
photon_neighbor,L2_ch96:128,label_Hqql,0.37874746455717734,0.4251376547611425,-1.1343487718853114,0.046390190203965176,1.5594864266464539,0,0,0.07234487195263098,PATH: photon_neighbor -> L2_ch96:128 -> label_Hqql; DIAGNOSIS: anomaly; B-A=0.0464; B-C=1.5595; NEXT_PROBE: inspect particle geometry/source blocks.
best_lepton,L2_ch192:224,label_Hqql,-1.1532947977335084,2.2265334113661766,-1.2140392193022531,3.379828209099685,3.44057263066843,0,0,11.628544432589472,PATH: best_lepton -> L2_ch192:224 -> label_Hqql; DIAGNOSIS: anomaly; B-A=3.3798; B-C=3.4406; NEXT_PROBE: inspect particle geometry/source blocks.
hard_hadron,L2_ch192:224,label_Hqql,0.3755878703869179,0.46777556930767517,-0.4988878573141199,0.09218769892075729,0.966663426621795,0,0,0.0891144769311176,PATH: hard_hadron -> L2_ch192:224 -> label_Hqql; DIAGNOSIS: anomaly; B-A=0.0922; B-C=0.9667; NEXT_PROBE: inspect particle geometry/source blocks.
other_lepton,L2_ch224:256,label_Hqql,0,7.862528787456654,8.765182245653591,7.862528787456654,-0.9026534581969372,0,0,7.09713880017072,PATH: other_lepton -> L2_ch224:256 -> label_Hqql; DIAGNOSIS: anomaly; B-A=7.8625; B-C=-0.9027; NEXT_PROBE: inspect particle geometry/source blocks.
other_lepton,L0_ch32:64,label_Hqql,0,0,164.64616642093551,0,-164.64616642093551,0,0,0.0,PATH: other_lepton -> L0_ch32:64 -> label_Hqql; DIAGNOSIS: anomaly; B-A=0.0000; B-C=-164.6462; NEXT_PROBE: inspect particle geometry/source blocks.
particle0_best_lepton,L2_ch192:224,label_Hqql,1.1716654707834961,2.6120073097339023,-0.8538102808327392,1.4403418389504061,3.4658175905666413,0,0,4.991962081863422,PATH: particle0_best_lepton -> L2_ch192:224 -> label_Hqql; DIAGNOSIS: anomaly; B-A=1.4403; B-C=3.4658; NEXT_PROBE: inspect particle geometry/source blocks.
hardest_hadron,L2_ch160:192,label_Hqql,0.9500674178507129,1.6169866481929311,-4.144919118795489,0.6669192303422182,5.76190576698842,0,0,3.842725759424306,PATH: hardest_hadron -> L2_ch160:192 -> label_Hqql; DIAGNOSIS: anomaly; B-A=0.6669; B-C=5.7619; NEXT_PROBE: inspect particle geometry/source blocks.
photon_neighbor,L1_ch64:96,label_Hqql,121.93966086820363,131.46327117043884,-38.3402725551285,9.523610302235213,169.80354372556735,0,0,1617.1427783808606,PATH: photon_neighbor -> L1_ch64:96 -> label_Hqql; DIAGNOSIS: anomaly; B-A=9.5236; B-C=169.8035; NEXT_PROBE: inspect particle geometry/source blocks.
hardest_hadron,L2_ch128:160,label_Hqql,2.628856529294774,2.637974882915264,0.8630249634050693,0.009118353620489739,1.7749499195101945,0,0,0.01618462102475375,PATH: hardest_hadron -> L2_ch128:160 -> label_Hqql; DIAGNOSIS: anomaly; B-A=0.0091; B-C=1.7749; NEXT_PROBE: inspect particle geometry/source blocks.
second_lepton,L1_ch96:128,label_Hqql,0,0,308.79602168454494,0,-308.79602168454494,0,0,0.0,PATH: second_lepton -> L1_ch96:128 -> label_Hqql; DIAGNOSIS: anomaly; B-A=0.0000; B-C=-308.7960; NEXT_PROBE: inspect particle geometry/source blocks.
particle0_best_lepton,L0_ch0:32,label_Hqql,0,0,244.97866818387115,0,-244.97866818387115,0,0,0.0,PATH: particle0_best_lepton -> L0_ch0:32 -> label_Hqql; DIAGNOSIS: anomaly; B-A=0.0000; B-C=-244.9787; NEXT_PROBE: inspect particle geometry/source blocks.
particle0_best_lepton,L1_ch32:64,label_Hqql,0,93.02675132171862,8.79369369155614,93.02675132171862,84.23305763016248,0,0,7835.927705229118,PATH: particle0_best_lepton -> L1_ch32:64 -> label_Hqql; DIAGNOSIS: anomaly; B-A=93.0268; B-C=84.2331; NEXT_PROBE: inspect particle geometry/source blocks.
second_lepton,L2_ch96:128,label_Hqql,-0.10057884796902765,0.3930593258820977,-4.102031976680763,0.49363817385112535,4.4950913025628605,0,0,2.218948661891207,PATH: second_lepton -> L2_ch96:128 -> label_Hqql; DIAGNOSIS: anomaly; B-A=0.4936; B-C=4.4951; NEXT_PROBE: inspect particle geometry/source blocks.
particle0,L2_ch192:224,label_Hqql,-0.26049864132120604,3.2167739767742205,-0.1407202948808449,3.4772726180954265,3.3574942716550655,0,0,11.674922896238407,PATH: particle0 -> L2_ch192:224 -> label_Hqql; DIAGNOSIS: anomaly; B-A=3.4773; B-C=3.3575; NEXT_PROBE: inspect particle geometry/source blocks.
hardest_hadron,L2_ch96:128,label_Hqql,0.14568447657163425,1.0655727608690357,-0.20970078421499586,0.9198882842974014,1.2752735450840316,0,0,1.1731091933972146,PATH: hardest_hadron -> L2_ch96:128 -> label_Hqql; DIAGNOSIS: anomaly; B-A=0.9199; B-C=1.2753; NEXT_PROBE: inspect particle geometry/source blocks.
hadron_neighbor,L0_ch0:32,label_Hqql,719.9194629066658,753.007099521963,220.62611707683055,33.08763661529724,532.3809824451325,0,0,17615.228488039487,PATH: hadron_neighbor -> L0_ch0:32 -> label_Hqql; DIAGNOSIS: anomaly; B-A=33.0876; B-C=532.3810; NEXT_PROBE: inspect particle geometry/source blocks.
particle0,L2_ch64:96,label_Hqql,0,0.7330408286413217,5.942049737349862,0.7330408286413217,-5.20900890870854,0,0,3.818416206839735,PATH: particle0 -> L2_ch64:96 -> label_Hqql; DIAGNOSIS: anomaly; B-A=0.7330; B-C=-5.2090; NEXT_PROBE: inspect particle geometry/source blocks.
best_lepton,L0_ch0:32,label_Hqql,0,0,205.65836090842276,0,-205.65836090842276,0,0,0.0,PATH: best_lepton -> L0_ch0:32 -> label_Hqql; DIAGNOSIS: anomaly; B-A=0.0000; B-C=-205.6584; NEXT_PROBE: inspect particle geometry/source blocks.
particle0,L2_ch0:32,label_Hqql,4.295103710204273,6.528846589958448,1.6343030373725127,2.2337428797541747,4.894543552585935,0,0,10.933151810235534,PATH: particle0 -> L2_ch0:32 -> label_Hqql; DIAGNOSIS: anomaly; B-A=2.2337; B-C=4.8945; NEXT_PROBE: inspect particle geometry/source blocks.
hadron_neighbor,L2_ch0:32,label_Hqql,1.040747596391931,1.9424086059484722,1.2360677170296452,0.9016610095565412,0.706340888918827,0,0,0.6368800389936142,PATH: hadron_neighbor -> L2_ch0:32 -> label_Hqql; DIAGNOSIS: anomaly; B-A=0.9017; B-C=0.7063; NEXT_PROBE: inspect particle geometry/source blocks.
hadron_neighbor,L2_ch192:224,label_Hqql,0,0,-0.5871233193186203,0,0.5871233193186203,0,0,0.0,PATH: hadron_neighbor -> L2_ch192:224 -> label_Hqql; DIAGNOSIS: anomaly; B-A=0.0000; B-C=0.5871; NEXT_PROBE: inspect particle geometry/source blocks.
best_lepton,L2_ch224:256,label_Hqql,9.74044235207748,9.995267342315856,19.17393096072156,0.2548249902383759,-9.178663618405704,0,0,2.3389528669615696,PATH: best_lepton -> L2_ch224:256 -> label_Hqql; DIAGNOSIS: anomaly; B-A=0.2548; B-C=-9.1787; NEXT_PROBE: inspect particle geometry/source blocks.
hardest_hadron,L1_ch32:64,label_Hqql,58.41325295989077,63.888292346144226,-17.540493767678928,5.4750393862534565,81.42878611382315,0,0,445.8258111479903,PATH: hardest_hadron -> L1_ch32:64 -> label_Hqql; DIAGNOSIS: anomaly; B-A=5.4750; B-C=81.4288; NEXT_PROBE: inspect particle geometry/source blocks.
other_lepton,L2_ch128:160,label_Hqql,0,3.661099091644985,0.29189293224737867,3.661099091644985,3.3692061593976064,0,0,12.334997609735264,PATH: other_lepton -> L2_ch128:160 -> label_Hqql; DIAGNOSIS: anomaly; B-A=3.6611; B-C=3.3692; NEXT_PROBE: inspect particle geometry/source blocks.
hadron_neighbor,L1_ch64:96,label_Hqql,176.92937644401906,179.28095850485957,-93.09328226907162,2.3515820608405136,272.3742407739312,0,0,640.5103784390313,PATH: hadron_neighbor -> L1_ch64:96 -> label_Hqql; DIAGNOSIS: anomaly; B-A=2.3516; B-C=272.3742; NEXT_PROBE: inspect particle geometry/source blocks.
hardest_hadron,L2_ch32:64,label_Hqql,0.16597947425086648,0.5280617968506126,0.7128881973414221,0.36208232259974615,-0.18482640049080945,0,0,0.06692237236746315,PATH: hardest_hadron -> L2_ch32:64 -> label_Hqql; DIAGNOSIS: anomaly; B-A=0.3621; B-C=-0.1848; NEXT_PROBE: inspect particle geometry/source blocks.
best_lepton,L0_ch32:64,label_Hqql,0,0,102.21256860834394,0,-102.21256860834394,0,0,0.0,PATH: best_lepton -> L0_ch32:64 -> label_Hqql; DIAGNOSIS: anomaly; B-A=0.0000; B-C=-102.2126; NEXT_PROBE: inspect particle geometry/source blocks.
