event_index,group,phase1_group,p0_pid,best_lepton_pid,p0_pt,best_lepton_pt,p0_iso,phase1_deltaR_p0_lepton,computed_deltaR_p0_lepton,p0_is_lepton_aligned,p0_idx_equals_best_lepton,best_lepton_idx,second_lepton_present,second_lepton_pt,lepton_nearest_hadron_deltaR,lepton_hardest_hadron_deltaR,lepton_hardest_hadron_pt,p0_knn_size,p0_knn_sum_pt,p0_knn_mean_pt,p0_knn_max_pt,p0_knn_hadron_count,p0_knn_charged_count,p0_knn_lepton_count,p0_knn_hadron_frac,p0_knn_charged_frac,p0_knn_lepton_frac,p0_knn_hard_neighbor_count,p0_knn_hard_hadron_count,p0_knn_hard_charged_count,p0_knn_deltaR_to_center_mean,p0_knn_deltaR_to_center_min,p0_knn_pairwise_deltaR_mean,p0_knn_pairwise_deltaR_min,p0_knn_pairwise_deltaR_max,p0_knn_charged_hadron_frac,p0_knn_neutral_hadron_frac,p0_knn_photon_frac,p0_knn_electron_frac,p0_knn_muon_frac,lep_knn_size,lep_knn_sum_pt,lep_knn_mean_pt,lep_knn_max_pt,lep_knn_hadron_count,lep_knn_charged_count,lep_knn_lepton_count,lep_knn_hadron_frac,lep_knn_charged_frac,lep_knn_lepton_frac,lep_knn_hard_neighbor_count,lep_knn_hard_hadron_count,lep_knn_hard_charged_count,lep_knn_deltaR_to_center_mean,lep_knn_deltaR_to_center_min,lep_knn_pairwise_deltaR_mean,lep_knn_pairwise_deltaR_min,lep_knn_pairwise_deltaR_max,lep_knn_charged_hadron_frac,lep_knn_neutral_hadron_frac,lep_knn_photon_frac,lep_knn_electron_frac,lep_knn_muon_frac
12308,protected_highiso,Hqql_correct,electron,electron,210.91549682617188,210.91549682617188,0.3043275515487648,3.162277789670043e-05,3.162277789670043e-05,1,1,0,0,0.0,0.11563321202993393,0.22396673262119293,19.0611572265625,16,482.1387311220169,30.133670695126057,210.91549682617188,8,8,2,0.5,0.5,0.125,7,2,2,0.12089647710081408,3.162277789670043e-05,0.114113650841864,3.162277789670043e-05,0.19333046674728394,0.5,0.0,0.375,0.125,0.0,16,482.1387311220169,30.133670695126057,210.91549682617188,8,8,2,0.5,0.5,0.125,7,2,2,0.12089647710081408,3.162277789670043e-05,0.114113650841864,3.162277789670043e-05,0.19333046674728394,0.5,0.0,0.375,0.125,0.0
12358,protected_highiso,Hqql_correct,electron,electron,229.0143280029297,229.0143280029297,0.30566078005931274,3.162277789670043e-05,3.162277789670043e-05,1,1,0,0,0.0,0.07130671292543411,0.30651864409446716,43.544700622558594,15,291.21472585201263,19.41431505680084,229.0143280029297,6,6,1,0.4,0.4,0.06666666666666667,7,3,3,0.07476345814138767,3.162277789670043e-05,0.10457759495194685,3.162277789670043e-05,0.18266193568706512,0.4000000059604645,0.0,0.5333333611488342,0.06666667014360428,0.0,15,291.21472585201263,19.41431505680084,229.0143280029297,6,6,1,0.4,0.4,0.06666666666666667,7,3,3,0.07476345814138767,3.162277789670043e-05,0.10457759495194685,3.162277789670043e-05,0.18266193568706512,0.4000000059604645,0.0,0.5333333611488342,0.06666667014360428,0.0
12438,protected_highiso,Hqql_correct,muon,muon,169.7151641845703,169.7151641845703,0.30676013947557845,3.162277789670043e-05,3.162277789670043e-05,1,1,0,0,0.0,0.10565460473299026,0.31131240725517273,96.8812255859375,16,383.5352119207382,23.97095074504614,169.7151641845703,12,9,2,0.75,0.5625,0.125,5,3,3,0.10942656764518688,3.162277789670043e-05,0.12716702774469013,3.162277789670043e-05,0.2836562395095825,0.5625,0.1875,0.125,0.0,0.125,16,383.5352119207382,23.97095074504614,169.7151641845703,12,9,2,0.75,0.5625,0.125,5,3,3,0.10942656764518688,3.162277789670043e-05,0.12716702774469013,3.162277789670043e-05,0.2836562395095825,0.5625,0.1875,0.125,0.0,0.125
12442,protected_highiso,Hqql_correct,muon,muon,116.57672882080078,116.57672882080078,0.37543815611620973,3.162277789670043e-05,3.162277789670043e-05,1,1,0,1,3.3424975872039795,0.067352794110775,0.22914806008338928,115.92982482910156,16,193.9317102432251,12.120731890201569,116.57672882080078,8,6,1,0.5,0.375,0.0625,5,4,4,0.09470620767092441,3.162277789670043e-05,0.08020859692008647,3.162277789670043e-05,0.1807938814163208,0.375,0.125,0.4375,0.0,0.0625,16,193.9317102432251,12.120731890201569,116.57672882080078,8,6,1,0.5,0.375,0.0625,5,4,4,0.09470620767092441,3.162277789670043e-05,0.08020859692008647,3.162277789670043e-05,0.1807938814163208,0.375,0.125,0.4375,0.0,0.0625
12509,protected_highiso,Hqql_correct,electron,electron,191.98472595214844,191.98472595214844,0.3052844451282511,3.162277789670043e-05,3.162277789670043e-05,1,1,0,1,2.465658664703369,0.06471006572246552,0.22866526246070862,57.196895599365234,15,244.90222096443176,16.326814730962116,191.98472595214844,3,3,4,0.2,0.2,0.26666666666666666,7,3,3,0.05385391803453483,3.162277789670043e-05,0.0700884470103206,3.162277789670043e-05,0.12308677285909653,0.20000000298023224,0.0,0.5333333611488342,0.2666666805744171,0.0,15,244.90222096443176,16.326814730962116,191.98472595214844,3,3,4,0.2,0.2,0.26666666666666666,7,3,3,0.05385391803453483,3.162277789670043e-05,0.0700884470103206,3.162277789670043e-05,0.12308677285909653,0.20000000298023224,0.0,0.5333333611488342,0.2666666805744171,0.0
12592,protected_highiso,Hqql_correct,electron,electron,318.6606750488281,318.6606750488281,0.30803127419798426,3.162277789670043e-05,3.162277789670043e-05,1,1,0,0,0.0,0.07841476798057556,0.15603238344192505,40.69743728637695,16,715.8468096256256,44.7404256016016,318.6606750488281,12,9,2,0.75,0.5625,0.125,7,3,3,0.07809501079600523,3.162277789670043e-05,0.10500782932922448,3.162277789670043e-05,0.17317688465118408,0.5625,0.1875,0.125,0.125,0.0,16,715.8468096256256,44.7404256016016,318.6606750488281,12,9,2,0.75,0.5625,0.125,7,3,3,0.07809501079600523,3.162277789670043e-05,0.10500782932922448,3.162277789670043e-05,0.17317688465118408,0.5625,0.1875,0.125,0.125,0.0
12649,actual_confused_highiso,Hqql_to_Tbl,muon,muon,316.7471008300781,316.7471008300781,0.44940165691809875,3.162277789670043e-05,3.162277789670043e-05,1,1,0,1,3.025986909866333,0.1689160168170929,0.35987353324890137,71.0254135131836,16,388.07244300842285,24.254527688026428,316.7471008300781,9,5,1,0.5625,0.3125,0.0625,5,4,2,0.17556832746481632,3.162277789670043e-05,0.19837159304488522,3.162277789670043e-05,0.44133076071739197,0.3125,0.25,0.375,0.0,0.0625,16,388.07244300842285,24.254527688026428,316.7471008300781,9,5,1,0.5625,0.3125,0.0625,5,4,2,0.17556832746481632,3.162277789670043e-05,0.19837159304488522,3.162277789670043e-05,0.44133076071739197,0.3125,0.25,0.375,0.0,0.0625
12784,protected_highiso,Hqql_correct,muon,muon,490.37921142578125,490.37921142578125,0.3112343689369206,3.162277789670043e-05,3.162277789670043e-05,1,1,0,0,0.0,0.09478187561035156,0.281589150428772,37.4669075012207,16,1085.215663909912,67.8259789943695,490.37921142578125,14,9,2,0.875,0.5625,0.125,7,5,3,0.14019225289803217,3.162277789670043e-05,0.16468394396973357,3.162277789670043e-05,0.34633752703666687,0.5625,0.3125,0.0,0.0,0.125,16,1085.215663909912,67.8259789943695,490.37921142578125,14,9,2,0.875,0.5625,0.125,7,5,3,0.14019225289803217,3.162277789670043e-05,0.16468394396973357,3.162277789670043e-05,0.34633752703666687,0.5625,0.3125,0.0,0.0,0.125
12982,actual_confused_highiso,Hqql_to_Tbl,electron,electron,225.74807739257812,225.74807739257812,0.30974464755255554,3.162277789670043e-05,3.162277789670043e-05,1,1,0,0,0.0,0.11143553256988525,0.2941819429397583,33.98439025878906,15,277.32376396656036,18.488250931104023,225.74807739257812,5,2,1,0.3333333333333333,0.13333333333333333,0.06666666666666667,6,5,2,0.12124009447167433,3.162277789670043e-05,0.13663939875855466,3.162277789670043e-05,0.3110714852809906,0.13333334028720856,0.20000000298023224,0.6000000238418579,0.06666667014360428,0.0,15,277.32376396656036,18.488250931104023,225.74807739257812,5,2,1,0.3333333333333333,0.13333333333333333,0.06666666666666667,6,5,2,0.12124009447167433,3.162277789670043e-05,0.13663939875855466,3.162277789670043e-05,0.3110714852809906,0.13333334028720856,0.20000000298023224,0.6000000238418579,0.06666667014360428,0.0
13045,actual_confused_highiso,Hqql_to_Tbl,electron,electron,331.15948486328125,331.15948486328125,0.31588160271656074,3.162277789670043e-05,3.162277789670043e-05,1,1,0,1,20.822223663330078,0.15125969052314758,0.320504367351532,30.480701446533203,15,386.04690623283386,25.736460415522256,331.15948486328125,5,5,1,0.3333333333333333,0.3333333333333333,0.06666666666666667,7,3,3,0.11846819263567644,3.162277789670043e-05,0.13569281132263963,3.162277789670043e-05,0.2664332091808319,0.3333333432674408,0.0,0.6000000238418579,0.06666667014360428,0.0,15,386.04690623283386,25.736460415522256,331.15948486328125,5,5,1,0.3333333333333333,0.3333333333333333,0.06666666666666667,7,3,3,0.11846819263567644,3.162277789670043e-05,0.13569281132263963,3.162277789670043e-05,0.2664332091808319,0.3333333432674408,0.0,0.6000000238418579,0.06666667014360428,0.0
13089,protected_highiso,Hqql_correct,charged_hadron,muon,222.8564453125,130.16632080078125,0.300670102821125,0.09838949888944626,0.09838949888944626,0,0,1,0,0.0,0.05864599347114563,0.09838949888944626,222.8564453125,16,518.3427780866623,32.39642363041639,222.8564453125,11,11,0,0.6875,0.6875,0.0,5,3,3,0.02383149500815307,3.162277789670043e-05,0.03488543841440332,3.162277789670043e-05,0.07779689878225327,0.6875,0.0,0.3125,0.0,0.0,16,746.7862097024918,46.674138106405735,222.8564453125,12,12,1,0.75,0.75,0.0625,5,4,4,0.08695397448605036,3.162277789670043e-05,0.0745062913659846,3.162277789670043e-05,0.1909894198179245,0.75,0.0,0.1875,0.0,0.0625
13279,protected_highiso,Hqql_correct,muon,muon,236.35154724121094,236.35154724121094,0.30451274502732373,3.162277789670043e-05,3.162277789670043e-05,1,1,0,0,0.0,0.12207836657762527,0.25118470191955566,27.298479080200195,16,539.8115587234497,33.73822242021561,236.35154724121094,5,5,2,0.3125,0.3125,0.125,5,3,3,0.10600028311591814,3.162277789670043e-05,0.05495126733549114,3.162277789670043e-05,0.13831362128257751,0.3125,0.0,0.5625,0.0,0.125,16,539.8115587234497,33.73822242021561,236.35154724121094,5,5,2,0.3125,0.3125,0.125,5,3,3,0.10600028311591814,3.162277789670043e-05,0.05495126733549114,3.162277789670043e-05,0.13831362128257751,0.3125,0.0,0.5625,0.0,0.125
13374,protected_highiso,Hqql_correct,electron,electron,354.0111389160156,354.0111389160156,0.31933442046129834,3.162277789670043e-05,3.162277789670043e-05,1,1,0,0,0.0,0.14183372259140015,0.3649807274341583,13.307259559631348,15,400.5684460401535,26.704563069343568,354.0111389160156,14,14,1,0.9333333333333333,0.9333333333333333,0.06666666666666667,6,5,5,0.15697310782343266,3.162277789670043e-05,0.10302332252166317,3.162277789670043e-05,0.2938981354236603,0.9333333373069763,0.0,0.0,0.06666667014360428,0.0,15,400.5684460401535,26.704563069343568,354.0111389160156,14,14,1,0.9333333333333333,0.9333333333333333,0.06666666666666667,6,5,5,0.15697310782343266,3.162277789670043e-05,0.10302332252166317,3.162277789670043e-05,0.2938981354236603,0.9333333373069763,0.0,0.0,0.06666667014360428,0.0
13400,protected_highiso,Hqql_correct,electron,electron,336.1107177734375,336.1107177734375,0.30333094385023174,3.162277789670043e-05,3.162277789670043e-05,1,1,0,0,0.0,0.05379219353199005,0.2742592990398407,81.31978607177734,16,771.9553327560425,48.247208297252655,336.1107177734375,2,2,2,0.125,0.125,0.125,5,0,0,0.023623110866083152,3.162277789670043e-05,0.034469535580440906,3.162277789670043e-05,0.0774284228682518,0.125,0.0,0.75,0.125,0.0,16,771.9553327560425,48.247208297252655,336.1107177734375,2,2,2,0.125,0.125,0.125,5,0,0,0.023623110866083152,3.162277789670043e-05,0.034469535580440906,3.162277789670043e-05,0.0774284228682518,0.125,0.0,0.75,0.125,0.0
13529,protected_highiso,Hqql_correct,muon,muon,326.5039978027344,326.5039978027344,0.3143295504180388,3.162277789670043e-05,3.162277789670043e-05,1,1,0,0,0.0,0.05580729991197586,0.30574584007263184,17.9835262298584,16,712.2274659872055,44.514216624200344,326.5039978027344,3,3,2,0.1875,0.1875,0.125,5,3,3,0.056035623501429654,3.162277789670043e-05,0.06730055999778414,3.162277789670043e-05,0.12605974078178406,0.1875,0.0,0.6875,0.0,0.125,16,712.2274659872055,44.514216624200344,326.5039978027344,3,3,2,0.1875,0.1875,0.125,5,3,3,0.056035623501429654,3.162277789670043e-05,0.06730055999778414,3.162277789670043e-05,0.12605974078178406,0.1875,0.0,0.6875,0.0,0.125
13583,actual_confused_highiso,Hqql_to_Tbl,electron,electron,444.0295715332031,444.0295715332031,0.3003978206874562,3.162277789670043e-05,3.162277789670043e-05,1,1,0,1,7.943925380706787,0.05165959894657135,0.3788658678531647,38.21934509277344,15,590.0793612003326,39.33862408002218,444.0295715332031,9,9,1,0.6,0.6,0.06666666666666667,6,3,3,0.051329072484077184,3.162277789670043e-05,0.06674981368341833,3.162277789670043e-05,0.11388087272644043,0.6000000238418579,0.0,0.3333333432674408,0.06666667014360428,0.0,15,590.0793612003326,39.33862408002218,444.0295715332031,9,9,1,0.6,0.6,0.06666666666666667,6,3,3,0.051329072484077184,3.162277789670043e-05,0.06674981368341833,3.162277789670043e-05,0.11388087272644043,0.6000000238418579,0.0,0.3333333432674408,0.06666667014360428,0.0
13787,actual_confused_highiso,Hqql_to_Tbl,electron,electron,226.40545654296875,226.40545654296875,0.31872989801129936,3.162277789670043e-05,3.162277789670043e-05,1,1,0,0,0.0,0.13044597208499908,0.28849050402641296,46.41997528076172,15,257.5254634618759,17.168364230791727,226.40545654296875,2,2,1,0.13333333333333333,0.13333333333333333,0.06666666666666667,6,2,2,0.08035241332521158,3.162277789670043e-05,0.11286428786361717,3.162277789670043e-05,0.236334890127182,0.13333334028720856,0.0,0.800000011920929,0.06666667014360428,0.0,15,257.5254634618759,17.168364230791727,226.40545654296875,2,2,1,0.13333333333333333,0.13333333333333333,0.06666666666666667,6,2,2,0.08035241332521158,3.162277789670043e-05,0.11286428786361717,3.162277789670043e-05,0.236334890127182,0.13333334028720856,0.0,0.800000011920929,0.06666667014360428,0.0
13897,protected_highiso,Hqql_correct,muon,muon,457.5880126953125,457.5880126953125,0.30963574303831687,3.162277789670043e-05,3.162277789670043e-05,1,1,0,0,0.0,0.08742553740739822,0.09624919295310974,60.254791259765625,16,1020.2388308048248,63.76492692530155,457.5880126953125,5,5,2,0.3125,0.3125,0.125,5,0,0,0.0709009916404284,3.162277789670043e-05,0.08057572141824494,3.162277789670043e-05,0.17035691440105438,0.3125,0.0,0.5625,0.0,0.125,16,1020.2388308048248,63.76492692530155,457.5880126953125,5,5,2,0.3125,0.3125,0.125,5,0,0,0.0709009916404284,3.162277789670043e-05,0.08057572141824494,3.162277789670043e-05,0.17035691440105438,0.3125,0.0,0.5625,0.0,0.125
13997,actual_confused_highiso,Hqql_to_Tbl,muon,muon,247.4871368408203,247.4871368408203,0.3189815108996855,3.162277789670043e-05,3.162277789670043e-05,1,1,0,0,0.0,0.11399435997009277,0.40732699632644653,42.893123626708984,15,280.8924787044525,18.7261652469635,247.4871368408203,9,9,1,0.6,0.6,0.06666666666666667,7,6,6,0.13954355435441054,3.162277789670043e-05,0.12645994812507222,3.162277789670043e-05,0.28612080216407776,0.6000000238418579,0.0,0.3333333432674408,0.0,0.06666667014360428,15,280.8924787044525,18.7261652469635,247.4871368408203,9,9,1,0.6,0.6,0.06666666666666667,7,6,6,0.13954355435441054,3.162277789670043e-05,0.12645994812507222,3.162277789670043e-05,0.28612080216407776,0.6000000238418579,0.0,0.3333333432674408,0.0,0.06666667014360428
14139,protected_highiso,Hqql_correct,muon,muon,359.5831604003906,359.5831604003906,0.3108986664716935,3.162277789670043e-05,3.162277789670043e-05,1,1,0,0,0.0,0.022545665502548218,0.2413541078567505,48.725318908691406,16,797.0096552371979,49.81310345232487,359.5831604003906,11,8,2,0.6875,0.5,0.125,5,3,3,0.06093807037677834,3.162277789670043e-05,0.08513087436082666,3.162277789670043e-05,0.15854278206825256,0.5,0.1875,0.1875,0.0,0.125,16,797.0096552371979,49.81310345232487,359.5831604003906,11,8,2,0.6875,0.5,0.125,5,3,3,0.06093807037677834,3.162277789670043e-05,0.08513087436082666,3.162277789670043e-05,0.15854278206825256,0.5,0.1875,0.1875,0.0,0.125
14355,protected_highiso,Hqql_correct,electron,electron,355.94677734375,355.94677734375,0.3141988514709827,3.162277789670043e-05,3.162277789670043e-05,1,1,0,0,0.0,0.006846059579402208,0.1469060480594635,68.7841796875,16,776.9243721961975,48.557773262262344,355.94677734375,5,3,2,0.3125,0.1875,0.125,7,2,0,0.02127552707088398,3.162277789670043e-05,0.03190820285265848,3.162277789670043e-05,0.08002635091543198,0.1875,0.125,0.5625,0.125,0.0,16,776.9243721961975,48.557773262262344,355.94677734375,5,3,2,0.3125,0.1875,0.125,7,2,0,0.02127552707088398,3.162277789670043e-05,0.03190820285265848,3.162277789670043e-05,0.08002635091543198,0.1875,0.125,0.5625,0.125,0.0
14381,protected_highiso,Hqql_correct,muon,muon,300.2547912597656,300.2547912597656,0.31435152106213715,3.162277789670043e-05,3.162277789670043e-05,1,1,0,0,0.0,0.15087494254112244,0.3048430383205414,48.02571105957031,16,654.9013576507568,40.9313348531723,300.2547912597656,9,3,2,0.5625,0.1875,0.125,5,3,0,0.18271229447555015,3.162277789670043e-05,0.2206631449190051,3.162277789670043e-05,0.4342457056045532,0.1875,0.375,0.3125,0.0,0.125,16,654.9013576507568,40.9313348531723,300.2547912597656,9,3,2,0.5625,0.1875,0.125,5,3,0,0.18271229447555015,3.162277789670043e-05,0.2206631449190051,3.162277789670043e-05,0.4342457056045532,0.1875,0.375,0.3125,0.0,0.125
14596,protected_highiso,Hqql_correct,electron,electron,113.05442810058594,113.05442810058594,0.3661293934726678,3.162277789670043e-05,3.162277789670043e-05,1,1,0,1,2.5160787105560303,0.12265075743198395,0.19488359987735748,103.99747467041016,16,195.72828912734985,12.233018070459366,113.05442810058594,7,7,1,0.4375,0.4375,0.0625,5,2,2,0.12463698551869129,3.162277789670043e-05,0.1132531793391839,3.162277789670043e-05,0.26135408878326416,0.4375,0.0,0.5,0.0625,0.0,16,195.72828912734985,12.233018070459366,113.05442810058594,7,7,1,0.4375,0.4375,0.0625,5,2,2,0.12463698551869129,3.162277789670043e-05,0.1132531793391839,3.162277789670043e-05,0.26135408878326416,0.4375,0.0,0.5,0.0625,0.0
14600,protected_highiso,Hqql_correct,muon,muon,258.7874755859375,258.7874755859375,0.3097612580826084,3.162277789670043e-05,3.162277789670043e-05,1,1,0,0,0.0,0.1258905678987503,0.16304771602153778,62.45383834838867,16,576.6542357206345,36.040889732539654,258.7874755859375,3,3,2,0.1875,0.1875,0.125,5,3,3,0.10051328114923308,3.162277789670043e-05,0.0992112187186649,3.162277789670043e-05,0.18168266117572784,0.1875,0.0,0.6875,0.0,0.125,16,576.6542357206345,36.040889732539654,258.7874755859375,3,3,2,0.1875,0.1875,0.125,5,3,3,0.10051328114923308,3.162277789670043e-05,0.0992112187186649,3.162277789670043e-05,0.18168266117572784,0.1875,0.0,0.6875,0.0,0.125
14625,protected_highiso,Hqql_correct,electron,electron,105.97429656982422,105.97429656982422,0.35361241335800714,3.162277789670043e-05,3.162277789670043e-05,1,1,0,1,11.225505828857422,0.17198260128498077,0.47961047291755676,57.44641876220703,16,193.7162573337555,12.107266083359718,105.97429656982422,6,4,2,0.375,0.25,0.125,6,2,0,0.14895995640540605,3.162277789670043e-05,0.16167667126977298,3.162277789670043e-05,0.38861608505249023,0.25,0.125,0.5,0.125,0.0,16,193.7162573337555,12.107266083359718,105.97429656982422,6,4,2,0.375,0.25,0.125,6,2,0,0.14895995640540605,3.162277789670043e-05,0.16167667126977298,3.162277789670043e-05,0.38861608505249023,0.25,0.125,0.5,0.125,0.0
14711,actual_confused_highiso,Hqql_to_Tbl,muon,muon,132.4909210205078,132.4909210205078,0.393143327358783,3.162277789670043e-05,3.162277789670043e-05,1,1,0,1,1.6857465505599976,0.2544004023075104,0.3753111660480499,40.551177978515625,16,204.51317739486694,12.782073587179184,132.4909210205078,10,8,1,0.625,0.5,0.0625,5,4,4,0.27608779833531116,3.162277789670043e-05,0.227386465753231,3.162277789670043e-05,0.43307581543922424,0.5,0.125,0.3125,0.0,0.0625,16,204.51317739486694,12.782073587179184,132.4909210205078,10,8,1,0.625,0.5,0.0625,5,4,4,0.27608779833531116,3.162277789670043e-05,0.227386465753231,3.162277789670043e-05,0.43307581543922424,0.5,0.125,0.3125,0.0,0.0625
14742,protected_highiso,Hqql_correct,electron,electron,315.24462890625,315.24462890625,0.30512849695119243,3.162277789670043e-05,3.162277789670043e-05,1,1,0,0,0.0,0.055788248777389526,0.27114856243133545,73.39140319824219,16,717.9089820384979,44.86931137740612,315.24462890625,4,1,2,0.25,0.0625,0.125,5,0,0,0.08555855633449028,3.162277789670043e-05,0.08555282544803049,3.162277789670043e-05,0.18356283009052277,0.0625,0.1875,0.625,0.125,0.0,16,717.9089820384979,44.86931137740612,315.24462890625,4,1,2,0.25,0.0625,0.125,5,0,0,0.08555855633449028,3.162277789670043e-05,0.08555282544803049,3.162277789670043e-05,0.18356283009052277,0.0625,0.1875,0.625,0.125,0.0
14991,protected_highiso,Hqql_correct,muon,muon,142.14076232910156,142.14076232910156,0.3078118770773039,3.162277789670043e-05,3.162277789670043e-05,1,1,0,0,0.0,0.060708414763212204,0.32955023646354675,57.697349548339844,16,319.63729667663574,19.977331042289734,142.14076232910156,5,5,2,0.3125,0.3125,0.125,5,0,0,0.09029192648586104,3.162277789670043e-05,0.08982386098856902,3.162277789670043e-05,0.1806265115737915,0.3125,0.0,0.5625,0.0,0.125,16,319.63729667663574,19.977331042289734,142.14076232910156,5,5,2,0.3125,0.3125,0.125,5,0,0,0.09029192648586104,3.162277789670043e-05,0.08982386098856902,3.162277789670043e-05,0.1806265115737915,0.3125,0.0,0.5625,0.0,0.125
14999,protected_highiso,Hqql_correct,muon,muon,185.35040283203125,185.35040283203125,0.30284571341439487,3.162277789670043e-05,3.162277789670043e-05,1,1,0,0,0.0,0.08971907943487167,0.2220257669687271,157.8699493408203,16,426.67875945568085,26.667422465980053,185.35040283203125,8,8,2,0.5,0.5,0.125,5,3,3,0.0760822126990206,3.162277789670043e-05,0.09223082219086791,3.162277789670043e-05,0.20495820045471191,0.5,0.0,0.375,0.0,0.125,16,426.67875945568085,26.667422465980053,185.35040283203125,8,8,2,0.5,0.5,0.125,5,3,3,0.0760822126990206,3.162277789670043e-05,0.09223082219086791,3.162277789670043e-05,0.20495820045471191,0.5,0.0,0.375,0.0,0.125
15006,protected_highiso,Hqql_correct,electron,electron,254.96595764160156,254.96595764160156,0.3035567469001538,3.162277789670043e-05,3.162277789670043e-05,1,1,0,0,0.0,0.06612240523099899,0.4368104636669159,129.26129150390625,16,584.9624814987183,36.56015509366989,254.96595764160156,9,9,2,0.5625,0.5625,0.125,5,3,3,0.08295898264032076,3.162277789670043e-05,0.11915746354258469,3.162277789670043e-05,0.25242748856544495,0.5625,0.0,0.3125,0.125,0.0,16,584.9624814987183,36.56015509366989,254.96595764160156,9,9,2,0.5625,0.5625,0.125,5,3,3,0.08295898264032076,3.162277789670043e-05,0.11915746354258469,3.162277789670043e-05,0.25242748856544495,0.5625,0.0,0.3125,0.125,0.0
15112,protected_highiso,Hqql_correct,electron,electron,273.059814453125,273.059814453125,0.30389515679176476,3.162277789670043e-05,3.162277789670043e-05,1,1,0,0,0.0,0.05559111759066582,0.16440390050411224,49.023563385009766,16,625.4732167720795,39.09207604825497,273.059814453125,6,3,2,0.375,0.1875,0.125,5,0,0,0.07903339768517981,3.162277789670043e-05,0.08063722587958182,3.162277789670043e-05,0.15952831506729126,0.1875,0.1875,0.5,0.125,0.0,16,625.4732167720795,39.09207604825497,273.059814453125,6,3,2,0.375,0.1875,0.125,5,0,0,0.07903339768517981,3.162277789670043e-05,0.08063722587958182,3.162277789670043e-05,0.15952831506729126,0.1875,0.1875,0.5,0.125,0.0
15233,protected_highiso,Hqql_correct,electron,electron,246.32037353515625,246.32037353515625,0.30021087111852335,3.162277789670043e-05,3.162277789670043e-05,1,1,0,0,0.0,0.12487846612930298,0.21190103888511658,27.783315658569336,15,327.85037183761597,21.856691455841066,246.32037353515625,8,8,1,0.5333333333333333,0.5333333333333333,0.06666666666666667,5,3,3,0.12238350179662423,3.162277789670043e-05,0.08320120546160892,3.162277789670043e-05,0.1656150072813034,0.5333333611488342,0.0,0.4000000059604645,0.06666667014360428,0.0,15,327.85037183761597,21.856691455841066,246.32037353515625,8,8,1,0.5333333333333333,0.5333333333333333,0.06666666666666667,5,3,3,0.12238350179662423,3.162277789670043e-05,0.08320120546160892,3.162277789670043e-05,0.1656150072813034,0.5333333611488342,0.0,0.4000000059604645,0.06666667014360428,0.0
15288,actual_confused_highiso,Hqql_to_Tbl,electron,electron,429.5041198730469,429.5041198730469,0.3186871070060011,3.162277789670043e-05,3.162277789670043e-05,1,1,0,0,0.0,0.0436578169465065,0.26412656903266907,17.024377822875977,15,488.7216649055481,32.58144432703654,429.5041198730469,9,6,1,0.6,0.4,0.06666666666666667,7,6,3,0.06590439818173763,3.162277789670043e-05,0.07955937761715696,3.162277789670043e-05,0.18465431034564972,0.4000000059604645,0.20000000298023224,0.3333333432674408,0.06666667014360428,0.0,15,488.7216649055481,32.58144432703654,429.5041198730469,9,6,1,0.6,0.4,0.06666666666666667,7,6,3,0.06590439818173763,3.162277789670043e-05,0.07955937761715696,3.162277789670043e-05,0.18465431034564972,0.4000000059604645,0.20000000298023224,0.3333333432674408,0.06666667014360428,0.0
15292,protected_highiso,Hqql_correct,muon,muon,192.94044494628906,192.94044494628906,0.3136050107976276,3.162277789670043e-05,3.162277789670043e-05,1,1,0,0,0.0,0.05156582593917847,0.22453218698501587,71.6734619140625,15,229.35302865505219,15.290201910336812,70.3785629272461,6,6,0,0.4,0.4,0.0,6,4,4,0.0972879096865654,0.01676720753312111,0.09750697395360303,3.162277789670043e-05,0.20204535126686096,0.4000000059604645,0.0,0.6000000238418579,0.0,0.0,15,229.35302865505219,15.290201910336812,70.3785629272461,6,6,0,0.4,0.4,0.0,6,4,4,0.0972879096865654,0.01676720753312111,0.09750697395360303,3.162277789670043e-05,0.20204535126686096,0.4000000059604645,0.0,0.6000000238418579,0.0,0.0
15512,protected_highiso,Hqql_correct,muon,muon,232.9764404296875,232.9764404296875,0.30507396018638744,3.162277789670043e-05,3.162277789670043e-05,1,1,0,0,0.0,0.018571479246020317,0.1654876172542572,41.06694030761719,16,530.6955280303955,33.16847050189972,232.9764404296875,3,3,2,0.1875,0.1875,0.125,5,3,3,0.04341128022633711,3.162277789670043e-05,0.04257344952232719,3.162277789670043e-05,0.0803677961230278,0.1875,0.0,0.6875,0.0,0.125,16,530.6955280303955,33.16847050189972,232.9764404296875,3,3,2,0.1875,0.1875,0.125,5,3,3,0.04341128022633711,3.162277789670043e-05,0.04257344952232719,3.162277789670043e-05,0.0803677961230278,0.1875,0.0,0.6875,0.0,0.125
15528,actual_confused_highiso,Hqql_to_Tbl,photon,electron,468.97296142578125,23.16946792602539,0.32663547335566745,0.6661432981491089,0.6661432981491089,0,0,3,1,7.784639358520508,0.24884024262428284,0.7537376284599304,63.787540435791016,16,966.79567527771,60.42472970485687,468.97296142578125,6,6,0,0.375,0.375,0.0,6,2,2,0.38385179111492107,3.162277789670043e-05,0.4925547258741669,3.162277789670043e-05,1.002455472946167,0.375,0.0,0.625,0.0,0.0,15,129.45066213607788,8.630044142405191,23.16946792602539,14,11,1,0.9333333333333333,0.7333333333333333,0.06666666666666667,7,6,3,0.3391237598346682,3.162277789670043e-05,0.17434406361225271,3.162277789670043e-05,0.4085196852684021,0.7333333492279053,0.20000000298023224,0.0,0.06666667014360428,0.0
15540,protected_highiso,Hqql_correct,muon,muon,272.0929260253906,272.0929260253906,0.3012371923088865,3.162277789670043e-05,3.162277789670043e-05,1,1,0,0,0.0,0.057773903012275696,0.1653198003768921,16.987226486206055,16,631.1585313081741,39.44740820676088,272.0929260253906,5,3,2,0.3125,0.1875,0.125,5,3,3,0.03709078727979431,3.162277789670043e-05,0.04494454418145324,3.162277789670043e-05,0.10070990025997162,0.1875,0.125,0.5625,0.0,0.125,16,631.1585313081741,39.44740820676088,272.0929260253906,5,3,2,0.3125,0.1875,0.125,5,3,3,0.03709078727979431,3.162277789670043e-05,0.04494454418145324,3.162277789670043e-05,0.10070990025997162,0.1875,0.125,0.5625,0.0,0.125
15590,protected_highiso,Hqql_correct,muon,muon,301.4415283203125,301.4415283203125,0.31747606547871776,3.162277789670043e-05,3.162277789670043e-05,1,1,0,1,19.118396759033203,0.05038469284772873,0.33855417370796204,49.62342071533203,15,346.61063385009766,23.10737559000651,301.4415283203125,6,6,1,0.4,0.4,0.06666666666666667,7,6,6,0.07897734211752928,3.162277789670043e-05,0.09800742352904525,3.162277789670043e-05,0.2431778460741043,0.4000000059604645,0.0,0.5333333611488342,0.0,0.06666667014360428,15,346.61063385009766,23.10737559000651,301.4415283203125,6,6,1,0.4,0.4,0.06666666666666667,7,6,6,0.07897734211752928,3.162277789670043e-05,0.09800742352904525,3.162277789670043e-05,0.2431778460741043,0.4000000059604645,0.0,0.5333333611488342,0.0,0.06666667014360428
15658,actual_confused_highiso,Hqql_to_Tbl,electron,electron,94.5487289428711,94.5487289428711,0.3072556615058511,3.162277789670043e-05,3.162277789670043e-05,1,1,0,1,16.095420837402344,0.11999855190515518,0.5189090371131897,31.640113830566406,15,118.62257170677185,7.908171447118123,22.265399932861328,8,6,2,0.5333333333333333,0.4,0.13333333333333333,6,4,4,0.2950950493415197,0.11999855190515518,0.1425223007345353,3.162277789670043e-05,0.32335054874420166,0.4000000059604645,0.13333334028720856,0.3333333432674408,0.0,0.13333334028720856,15,118.62257170677185,7.908171447118123,22.265399932861328,8,6,2,0.5333333333333333,0.4,0.13333333333333333,6,4,4,0.2950950493415197,0.11999855190515518,0.1425223007345353,3.162277789670043e-05,0.32335054874420166,0.4000000059604645,0.13333334028720856,0.3333333432674408,0.0,0.13333334028720856
15684,protected_highiso,Hqql_correct,electron,electron,300.70977783203125,300.70977783203125,0.30853454842676364,3.162277789670043e-05,3.162277789670043e-05,1,1,0,0,0.0,0.14746655523777008,0.33557918667793274,15.338210105895996,16,673.9290509223938,42.12056568264961,300.70977783203125,6,6,2,0.375,0.375,0.125,5,3,3,0.11475162984561393,3.162277789670043e-05,0.1254748522753289,3.162277789670043e-05,0.25550881028175354,0.375,0.0,0.5,0.125,0.0,16,673.9290509223938,42.12056568264961,300.70977783203125,6,6,2,0.375,0.375,0.125,5,3,3,0.11475162984561393,3.162277789670043e-05,0.1254748522753289,3.162277789670043e-05,0.25550881028175354,0.375,0.0,0.5,0.125,0.0
15800,protected_highiso,Hqql_correct,electron,electron,346.1005859375,346.1005859375,0.3013823858060544,3.162277789670043e-05,3.162277789670043e-05,1,1,0,0,0.0,0.021441100165247917,0.17677544057369232,19.18648338317871,15,456.17562985420227,30.411708656946818,346.1005859375,7,7,1,0.4666666666666667,0.4666666666666667,0.06666666666666667,7,3,3,0.029848768357139004,3.162277789670043e-05,0.025866653448160616,3.162277789670043e-05,0.059533122926950455,0.46666666865348816,0.0,0.46666666865348816,0.06666667014360428,0.0,15,456.17562985420227,30.411708656946818,346.1005859375,7,7,1,0.4666666666666667,0.4666666666666667,0.06666666666666667,7,3,3,0.029848768357139004,3.162277789670043e-05,0.025866653448160616,3.162277789670043e-05,0.059533122926950455,0.46666666865348816,0.0,0.46666666865348816,0.06666667014360428,0.0
15893,actual_confused_highiso,Hqql_to_Tbl,electron,electron,297.3345947265625,297.3345947265625,0.3183316609289124,3.162277789670043e-05,3.162277789670043e-05,1,1,0,0,0.0,0.08627492934465408,0.1650024652481079,44.19089889526367,16,636.705629825592,39.7941018640995,297.3345947265625,6,6,2,0.375,0.375,0.125,5,3,3,0.09236812669541905,3.162277789670043e-05,0.09814237174338511,3.162277789670043e-05,0.20439833402633667,0.375,0.0,0.5,0.125,0.0,16,636.705629825592,39.7941018640995,297.3345947265625,6,6,2,0.375,0.375,0.125,5,3,3,0.09236812669541905,3.162277789670043e-05,0.09814237174338511,3.162277789670043e-05,0.20439833402633667,0.375,0.0,0.5,0.125,0.0
16360,protected_highiso,Hqql_correct,muon,muon,376.0852355957031,376.0852355957031,0.31509568969077,3.162277789670043e-05,3.162277789670043e-05,1,1,0,0,0.0,0.0393199622631073,0.30996784567832947,19.649995803833008,15,441.3883167505264,29.425887783368427,376.0852355957031,8,5,1,0.5333333333333333,0.3333333333333333,0.06666666666666667,7,3,0,0.0496793597128999,3.162277789670043e-05,0.05176899157366799,3.162277789670043e-05,0.1057041585445404,0.3333333432674408,0.20000000298023224,0.4000000059604645,0.0,0.06666667014360428,15,441.3883167505264,29.425887783368427,376.0852355957031,8,5,1,0.5333333333333333,0.3333333333333333,0.06666666666666667,7,3,0,0.0496793597128999,3.162277789670043e-05,0.05176899157366799,3.162277789670043e-05,0.1057041585445404,0.3333333432674408,0.20000000298023224,0.4000000059604645,0.0,0.06666667014360428
